{
  "start_time": "2025-09-16T18:00:35.793920",
  "end_time": "2025-09-16T18:00:39.688318",
  "start_time_100ms": "2025-09-16T18:00:35.800000",
  "end_time_100ms": "2025-09-16T18:00:39.700000",
  "duration_s": 3.894398,
  "avg_total_power_W": 114.68371794871794,
  "energy_total_J": 438.10365,
  "energy_cpu_J": 95.17725000000003,
  "energy_gpu_J": 342.92640000000006,
  "completion_tokens": 250,
  "tokens_per_s": 64.1947741345389,
  "answer": "\n\nOption 1: \"Bio-Energy: The Next Big Thing\"\n\nBio-energy is the next big thing. The latest research has found that it is not only possible, but even economical to harvest the energy in human breath, skin heat, and other byproducts of life. \n\nOption 2: \"The Next Big Thing: Bio-energy\"\n\nBio-energy is the next big thing. The latest research has found that it is not only possible, but even economical to harvest the energy in human breath, skin heat, and other byproducts of life. \n\nOption 3: \"New Energy Source May Be at Hand\"\n\nA new energy source may be at hand. A recent breakthrough in bio-energy research could lead to a new energy source that is both economical and sustainable. \n\nOption 4: \"Bio-energy: The Bad Boy of Energy\"\n\nBio-energy is the bad boy of energy. It is both possible and economical to harness the energy in human breath, skin heat, and other byproducts of life, but this discovery comes with a few ethical dilemmas.\n\n\nOption 1 is not scientifically accurate. Option 2 is not a good headline. Option 3 is oversimpl",
  "J_per_token": 1.7524146
}