{
  "start_time": "2025-09-16T18:14:36.095748",
  "end_time": "2025-09-16T18:14:44.130092",
  "start_time_100ms": "2025-09-16T18:14:36.100000",
  "end_time_100ms": "2025-09-16T18:14:44.100000",
  "duration_s": 8.034344,
  "avg_total_power_W": 69.75173684210529,
  "energy_total_J": 524.4603000000002,
  "energy_cpu_J": 189.23745000000002,
  "energy_gpu_J": 335.22284999999994,
  "completion_tokens": 250,
  "tokens_per_s": 31.116417220870797,
  "answer": "\n\nHere are five key principles for evaluating arguments in analytical writing:\n\n**1. Identify the Claims and Premises:**\n*   **What is the main point the argument is trying to make?**  (This is the claim)\n*   **What evidence or reasoning is the argument using to support the claim?** (This is the premises)\n*   **Understanding both the claim and the premises is essential to understanding the argument's logic and validity.**\n\n**2. Evaluate the Evidence:**\n*   **Is the evidence relevant to the claim?** (Does it support the claim in a logical and credible way?)\n*   **Is the evidence reliable and trustworthy?** (Does it come from reputable sources?)\n*   **Is the evidence sufficient to support the claim?** (Is there enough evidence to convince the reader?)\n\n**3. Analyze the Reasoning:**\n*   **Is the reasoning sound?** (Are the connections between the premises and the claim clear and logical?)\n*   **Are there any fallacies in the argument?** (Are there any errors in the reasoning that weaken the argument?)\n*   **Can the argument be supported by alternative evidence or reasoning?**\n\n**4",
  "J_per_token": 2.097841200000001
}