{
  "start_time": "2025-09-16T18:02:09.453121",
  "end_time": "2025-09-16T18:02:13.294792",
  "start_time_100ms": "2025-09-16T18:02:09.500000",
  "end_time_100ms": "2025-09-16T18:02:13.300000",
  "duration_s": 3.841671,
  "avg_total_power_W": 116.36739473684209,
  "energy_total_J": 432.9163,
  "energy_cpu_J": 91.76585,
  "energy_gpu_J": 341.1504499999999,
  "completion_tokens": 250,
  "tokens_per_s": 65.0758485044659,
  "answer": "\n\nSocrates was well-educated. He was conversant with the leading scholars of his day. He used questions to probe the assumptions of his interlocutors, and to test the depth of their knowledge. He often challenged his interlocutors to provide evidence and to defend their opinions. He also used parables and stories to make his points.\n\nSocrates challenged the prevailing thoughts of his day by questioning them. For example, he questioned the assumption that knowledge is based on sense experience, and that only what is perceived is true. Instead, he held that knowledge is based on the mind, and that nothing is true that is not thought to be true. He challenged the prevailing assumptions of his day by using questions to probe the depth of their knowledge, and by challenging them to provide evidence and to defend their opinions.\n\nSocrates used questions to probe the depth of his interlocutors’ knowledge. He also used parables and stories to make his points.\n\nSocrates used questions to probe the depth of his interlocutors’ knowledge. He also used parables and stories to make his points.\n\nSocrates used questions to probe the depth of his interlocutors’ knowledge. He also used parables and stories to make his",
  "J_per_token": 1.7316652
}