{
  "start_time": "2025-09-16T18:02:40.965639",
  "end_time": "2025-09-16T18:02:48.464879",
  "start_time_100ms": "2025-09-16T18:02:41",
  "end_time_100ms": "2025-09-16T18:02:48.500000",
  "duration_s": 7.49924,
  "avg_total_power_W": 78.3109054054054,
  "energy_total_J": 574.0972999999997,
  "energy_cpu_J": 189.80899999999997,
  "energy_gpu_J": 384.2883000000001,
  "completion_tokens": 250,
  "tokens_per_s": 33.33671145342728,
  "answer": "\n\n## Aloha from Paradise: Exploring the Heart and Soul of Hawaii\n\nThe scent of plumeria blossoms, the rhythmic crashing of waves, the vibrant energy of the people - these are just a few of the sensations that greeted me upon arriving in Hawaii. It's more than just a destination; it's an experience that awakens the senses and leaves you with a piece of its magic.  \n\nMy journey began in **Oahu**, the island of vibrant Honolulu. Stepping into the historic **Iolani Palace**, I felt transported back in time as I gazed upon the opulent chambers and marveled at the legacy of the only official monarchy in the United States. \n\nBut Oahu is about much more than history. I spent a day learning to surf at **Waimea Bay Beach Park**, the legendary waves challenging me, and rewarding me with an exhilarating taste of Hawaiian surfing culture. Later, a trip to **Pearl Harbor** was deeply moving, a powerful reminder of the sacrifices made and the importance of peace. \n\n**Maui**, the \"Valley Isle,\" offered a breathtaking spectacle of natural beauty. Hiking through the **Haleakala National Park** at sunrise was an experience I'll never forget, witnessing the sunrise paint the volcanic crater",
  "J_per_token": 2.296389199999999
}