{
  "start_time": "2025-09-16T18:10:27.390266",
  "end_time": "2025-09-16T18:10:31.565195",
  "start_time_100ms": "2025-09-16T18:10:27.400000",
  "end_time_100ms": "2025-09-16T18:10:31.600000",
  "duration_s": 4.174929,
  "avg_total_power_W": 116.58309756097562,
  "energy_total_J": 469.2082999999999,
  "energy_cpu_J": 98.67590000000001,
  "energy_gpu_J": 370.53240000000005,
  "completion_tokens": 250,
  "tokens_per_s": 59.88125786091213,
  "answer": " Angry. You feel angry, but you also feel a little sad, too, because you know that you will probably never grow again, and that you are part of a great tree lineage that will no longer be around to pass on its knowledge to the next generation. Deforesters are a modern phenomenon, a by-product of the urbanization of our planet. They are a symptom of our inability to preserve natural habitats and the biodiversity within them. Deforesters are not a good thing, and it is time we started speaking out against them.\n\nIn the last few decades, the number of trees cut down for lumber has skyrocketed. The reason, of course, is economic. The United States used to be the world's lumber king. The demand was high, and the supply was low. Now, with the demand flatlined, and the supply skyrocketing, deforesters are the only ones who can keep the economy running.\n\nBut, why are we cutting down trees? The short answer is that deforesters can't live without them. Trees provide us with oxygen, and without trees, we'd probably be dead from asphyxiation. Trees also provide us with water, soil,",
  "J_per_token": 1.8768331999999996
}