{
  "start_time": "2025-09-16T18:13:26.508347",
  "end_time": "2025-09-16T18:13:34.215454",
  "start_time_100ms": "2025-09-16T18:13:26.500000",
  "end_time_100ms": "2025-09-16T18:13:34.200000",
  "duration_s": 7.707107,
  "avg_total_power_W": 77.946,
  "energy_total_J": 571.1197500000001,
  "energy_cpu_J": 187.69414999999995,
  "energy_gpu_J": 383.4256000000003,
  "completion_tokens": 250,
  "tokens_per_s": 32.4375929904697,
  "answer": " \n\n**Explanation:**\n\nHere's how we can solve this logic puzzle:\n\n1. **Start with the most direct clues:**\n   - The car in the first space is red.\n   - The car in the last space is purple.\n   - The secretary drives a yellow car. \n   - David's car is parked in the last space.\n\n2. **Use the clues to deduce relationships:**\n   - We know the secretary drives a yellow car, and we know that the last space is purple.\n   - We also know that David's car is in the last space.\n\n\n3. **Work through the remaining clues to identify the order of the cars:**\n   - Alice's car is parked next to David's. \n   - Enid drives a green car.\n   - Bert's car is parked between Cheryl's and Enid's.\n   - The blue car is parked between the red car and the green car. \n\n4.  **Combine the deductions:**  \n   - We know that the secretary drives a yellow car, and we also know that David's car is in the last space. \n   -  We can",
  "J_per_token": 2.284479
}