{
  "start_time": "2025-09-16T18:13:38.100006",
  "end_time": "2025-09-16T18:13:45.739596",
  "start_time_100ms": "2025-09-16T18:13:38.100000",
  "end_time_100ms": "2025-09-16T18:13:45.700000",
  "duration_s": 7.63959,
  "avg_total_power_W": 76.29267123287673,
  "energy_total_J": 551.2977500000001,
  "energy_cpu_J": 180.0968499999999,
  "energy_gpu_J": 371.20090000000005,
  "completion_tokens": 250,
  "tokens_per_s": 32.72426923434373,
  "answer": "\n\nHere's how to solve the problem:\n\n**1. Visualize the Triangle**\n\nPlot the points on a coordinate plane. This will help you see the base and height of the triangle.\n\n**2. Find the Base**\n\n* The base can be any of the sides of the triangle.  \n* Let's choose the line segment connecting (0, 0) and (3, 3) as the base.\n* Use the distance formula to calculate its length:  √[(3-0)² + (3-0)²] = √(9 + 9) = √18 = 3√2\n\n**3. Find the Height**\n\n* The height is the perpendicular distance from the third vertex (-1, 1) to the base. \n* You can find this by:\n    *  Finding the equation of the line containing the base.\n    *  Finding the equation of the line perpendicular to the base and passing through (-1, 1).\n    *  Finding the point of intersection of these two lines.\n    *  Calculating the distance between (-1, 1) and the point of intersection. \n\n**4. Calculate the",
  "J_per_token": 2.205191
}