{
  "start_time": "2025-09-16T18:03:49.298266",
  "end_time": "2025-09-16T18:03:53.747943",
  "start_time_100ms": "2025-09-16T18:03:49.300000",
  "end_time_100ms": "2025-09-16T18:03:53.700000",
  "duration_s": 4.449677,
  "avg_total_power_W": 78.60420454545455,
  "energy_total_J": 339.9151,
  "energy_cpu_J": 106.92845,
  "energy_gpu_J": 232.98665000000003,
  "completion_tokens": 149,
  "tokens_per_s": 33.48557659353701,
  "answer": "\n\n**Proof:**\n\nLet's start with a guess, \nA perfect square, a number we'll assess.\nFor 2, we'll find a square root, \nBut then a contradiction, our logic we'll shoot.\n\nAssume it's a fraction, neat and clean,\nWith a denominator, a simple unseen.\nBut then the numerator, a factor we'll see,\nLeading to a contradiction, for all to agree.\n\nSo, the square root of 2, a number so bold,\nIs irrational, a story yet untold. \nWith no ending, no closure to find,\nA truth that's eternal, a mind's kind. \n\n\n\n",
  "J_per_token": 2.2813093959731545
}