{
  "start_time": "2025-09-16T18:11:35.587421",
  "end_time": "2025-09-16T18:11:39.696214",
  "start_time_100ms": "2025-09-16T18:11:35.600000",
  "end_time_100ms": "2025-09-16T18:11:39.700000",
  "duration_s": 4.108793,
  "avg_total_power_W": 117.28578048780487,
  "energy_total_J": 472.2333,
  "energy_cpu_J": 99.83465000000001,
  "energy_gpu_J": 372.3986500000001,
  "completion_tokens": 250,
  "tokens_per_s": 60.84511923574635,
  "answer": "\n\nBusiness etiquette in Japan differs from that of other countries. For example, it is polite to greet people when entering a room. It is also polite to introduce yourself to strangers. It is impolite to stare at people or make them uncomfortable.\n\nWhen meeting people for the first time, it is polite to introduce yourself with the following formula:\n\nName: (First name)\n\nCompany: (Your business name)\n\nAddress: (Your physical address)\n\nPhone: (Your phone number)\n\nFax: (Your fax number)\n\nEmail: (Your email address)\n\nWebsite: (Your website address)\n\nIntroduction: (Hi, I am (your name).)\n\nIt is polite to conduct business by handing over business cards. It is polite to take a moment to look at the card before taking action.\n\nIt is polite to ask permission before taking photographs or video. It is impolite to use a smartphone or a camera to take photos or video of people without asking their permission.\n\nIt is polite to dress appropriately for the weather. For example, it is impolite to wear a jacket and tie in a warm climate, or a suit in",
  "J_per_token": 1.8889331999999999
}