{
  "start_time": "2025-09-16T18:03:38.025276",
  "end_time": "2025-09-16T18:03:45.425140",
  "start_time_100ms": "2025-09-16T18:03:38",
  "end_time_100ms": "2025-09-16T18:03:45.400000",
  "duration_s": 7.399864,
  "avg_total_power_W": 78.50168055555555,
  "energy_total_J": 559.5341000000001,
  "energy_cpu_J": 178.4053000000001,
  "energy_gpu_J": 381.1288000000001,
  "completion_tokens": 250,
  "tokens_per_s": 33.784404686356396,
  "answer": "  And what's the worst part?”\n\n\"Let me tell you something, pal. Being Iron Man is like a giant, ego-fueled, suit of armor. You’ve got all this power, you’ve got all this tech, you’ve got the world at your fingertips…  It’s exhilarating. The sheer power, the ability to change things... It’s something you can’t really quantify.  But let’s be real, the worst part? It's the damn paperwork.  I mean, paperwork.  Who knew bureaucracy was this much of a pain in the ass?  You know, the endless red tape, the endless meetings, the endless… lawyers. It's enough to make you want to build a weapon to wipe out all those suits of suits.\"\n\n\"What do you think is the biggest threat to humanity right now? And how can we, as a species, combat it?\"\n\n\"Look, we're talking about a species that's got the tech to go to space, but can't figure out how to solve hunger. We're talking about a species that can build weapons that can destroy entire cities, but can't figure out",
  "J_per_token": 2.2381364
}