{
  "start_time": "2025-09-16T18:12:46.614853",
  "end_time": "2025-09-16T18:12:54.147601",
  "start_time_100ms": "2025-09-16T18:12:46.600000",
  "end_time_100ms": "2025-09-16T18:12:54.100000",
  "duration_s": 7.532748,
  "avg_total_power_W": 77.15442465753426,
  "energy_total_J": 557.3711999999999,
  "energy_cpu_J": 181.85535,
  "energy_gpu_J": 375.51584999999994,
  "completion_tokens": 250,
  "tokens_per_s": 33.18841941878316,
  "answer": "\n\n## What is a language model?\n\nImagine you're reading a book. You don't need every word to understand what the story is about, right? You focus on the sentences, the characters, the plot.  A language model is like that – a powerful tool that understands the flow and meaning of words, phrases, and sentences in a language.  \n\n**Think of it as a super-smart dictionary and grammar expert** that has learned how to predict what words are most likely to come next in a sequence.  This ability to predict the next word allows language models to generate text, translate languages, write different kinds of creative content, and answer your questions in an informative way.\n\n## How is a language model trained?\n\nA language model is trained on **massive amounts of text data**, like books, articles, websites, and even social media posts.  This data is vast and diverse, allowing the model to learn the nuances of human language, grammar, and even slang.  \n\nThere are two main ways to train a language model:\n\n* **Labeled data:** This is like giving the model a list of words and their correct order, like a puzzle with all the pieces in the right place.  ",
  "J_per_token": 2.2294848
}