{
  "start_time": "2025-09-16T18:12:11.258714",
  "end_time": "2025-09-16T18:12:19.213035",
  "start_time_100ms": "2025-09-16T18:12:11.300000",
  "end_time_100ms": "2025-09-16T18:12:19.200000",
  "duration_s": 7.954321,
  "avg_total_power_W": 71.30019480519482,
  "energy_total_J": 543.1381999999998,
  "energy_cpu_J": 194.17885000000004,
  "energy_gpu_J": 348.95935000000014,
  "completion_tokens": 250,
  "tokens_per_s": 31.429458278085583,
  "answer": "\n\n[Friend's Name],\n\nHope you're doing well!\n\nRemember how we talked about you potentially sharing your expertise at a local event for [Event Name]? I think you'd be a fantastic speaker! \n\nHere's why:\n\n* **Your Unique Expertise:** You've got such valuable knowledge in [area of expertise]. It would be a huge asset to [event name], especially for attendees interested in [specific audience].\n* **Authenticity:** People connect with genuine voices. Your insights would resonate deeply with the audience, and you'd add a truly personal touch.\n* **Impact:** You could make a real difference by inspiring and educating others about [area of expertise].\n\nI know public speaking can be daunting, but it's about sharing your passion, not performing. You have so much to offer, and this event is a platform to showcase your unique skills. \n\nI'm happy to help with any preparation or logistics. We can even practice together! What do you think?\n\nBest,\n\n[Your Name]\n\n**Possible objections:**\n\n* **Fear of public speaking:** Acknowledge this fear and offer support.\n* **Time constraint:** Suggest options for shorter presentations or",
  "J_per_token": 2.172552799999999
}