{
  "start_time": "2025-09-16T18:14:01.322458",
  "end_time": "2025-09-16T18:14:08.906401",
  "start_time_100ms": "2025-09-16T18:14:01.300000",
  "end_time_100ms": "2025-09-16T18:14:08.900000",
  "duration_s": 7.583943,
  "avg_total_power_W": 76.82549315068493,
  "energy_total_J": 555.3950000000002,
  "energy_cpu_J": 183.63685,
  "energy_gpu_J": 371.75814999999994,
  "completion_tokens": 250,
  "tokens_per_s": 32.9643827755562,
  "answer": "\n\n**Input:**\n- nums: An integer array.\n- k: The maximum number of elements in the array.\n\n**Output:**\n- The majority element in the array if it exists, otherwise None.\n\n**Example:**\n```python\ndef majorityElement(nums, k):\n  \"\"\"\n  Finds the majority element in an array using the Boyer-Moore Voting Algorithm.\n\n  Args:\n    nums: An integer array.\n    k: The maximum number of elements in the array.\n\n  Returns:\n    The majority element in the array if it exists, otherwise None.\n  \"\"\"\n  # Initialize a dictionary to store the count of each element.\n  counts = {}\n  for num in nums[:k]:\n    if num in counts:\n      counts[num] += 1\n    else:\n      counts[num] = 1\n\n  # Find the element with the highest count.\n  majority = None\n  for num, count in counts.items():\n    if count > len(nums) // 2:\n      majority = num\n      break\n\n  return majority\n\n# Example usage\nnums = [1, 2,",
  "J_per_token": 2.2215800000000008
}