{
  "start_time": "2025-09-16T18:01:14.847011",
  "end_time": "2025-09-16T18:01:18.881125",
  "start_time_100ms": "2025-09-16T18:01:14.800000",
  "end_time_100ms": "2025-09-16T18:01:18.900000",
  "duration_s": 4.034114,
  "avg_total_power_W": 116.693275,
  "energy_total_J": 457.28664999999995,
  "energy_cpu_J": 95.78320000000001,
  "energy_gpu_J": 361.50345,
  "completion_tokens": 250,
  "tokens_per_s": 61.97147626467671,
  "answer": "\nSecretary: Cheryl.\nSecretary: Cheryl is the name of the secretary.\nSecretary: The car in the first space is red.\nSecretary: The car in the last space is purple.\nSecretary: A blue car is parked between the red car and the green car.\nSecretary: The car in the last space is purple.\nSecretary: The secretary drives a yellow car.\nSecretary: Alice's car is parked next to David's.\nSecretary: Enid drives a green car.\nSecretary: Bert's car is parked between Cheryl's and Enid's.\nSecretary: David's car is parked in the last space.\nSecretary: Cheryl's car is the name of the secretary.\nSecretary: Cheryl is the name of the secretary.\nSecretary: The car in the first space is red.\nSecretary: The car in the last space is purple.\nSecretary: A blue car is parked between the red car and the green car.\nSecretary: The car in the last space is purple.\nSecretary: The secretary drives a yellow car.\nSecretary: Alice's car is parked",
  "J_per_token": 1.8291465999999998
}