{
  "start_time": "2025-09-16T17:59:26.287166",
  "end_time": "2025-09-16T17:59:32.540325",
  "start_time_100ms": "2025-09-16T17:59:26.300000",
  "end_time_100ms": "2025-09-16T17:59:32.500000",
  "duration_s": 6.253159,
  "avg_total_power_W": 123.06554098360655,
  "energy_total_J": 741.9932500000003,
  "energy_cpu_J": 150.57730000000004,
  "energy_gpu_J": 591.41595,
  "completion_tokens": 250,
  "tokens_per_s": 39.97979261362137,
  "answer": " Also, explain the difference between deductive and inductive reasoning, and how these can be used in argumentation. Finally, describe the three main types of argumentative essay structures and their purposes.\n\n### Answer:\n\n1. **Clarity of Purpose**: The argument must have a clear and specific purpose or thesis statement that guides the entire discussion.\n\n2. **Relevance of Evidence**: The evidence presented should be directly relevant to the claim being made and should support the argument effectively.\n\n3. **Logical Structure**: The argument should be organized in a way that allows the reader to follow the reasoning from the premises to the conclusion.\n\n4. **Soundness of Reasoning**: The reasoning used in the argument should be valid and based on sound logic, avoiding fallacies or illogical conclusions.\n\n5. **Credibility of Sources**: The sources or evidence used in the argument should be credible, reliable, and from authoritative or reputable sources.\n\n---\n\n**Deductive vs. Inductive Reasoning**:\n\n- **Deductive Reasoning** starts with a general premise and moves to a specific conclusion. If the premises are true and the logic is valid, the conclusion must be true. For example, \"All humans are mortal. Socrates is a human",
  "J_per_token": 2.9679730000000015
}