{
  "start_time": "2025-09-16T18:01:30.615233",
  "end_time": "2025-09-16T18:01:34.567211",
  "start_time_100ms": "2025-09-16T18:01:30.600000",
  "end_time_100ms": "2025-09-16T18:01:34.600000",
  "duration_s": 3.951978,
  "avg_total_power_W": 113.26502500000001,
  "energy_total_J": 444.81585000000007,
  "energy_cpu_J": 88.35550000000002,
  "energy_gpu_J": 356.46034999999995,
  "completion_tokens": 250,
  "tokens_per_s": 63.259461464613416,
  "answer": "\nThe highest common ancestor of two nodes in a binary tree is the node with two children that have the maximum depth.\nExample:\nGiven the following binary tree:\n     A\n   /  \\\n  B    C\n\nThe highest common ancestor of A and B is the node with two children, C and D.\n\nSince D has the maximum depth, it is the highest common ancestor of A and B.\n\nSince C has the maximum depth, it is the highest common ancestor of A and C.\n\nSince B is a descendant of C, it is the highest common ancestor of A and B.\n\nSince C is a descendant of B, it is the highest common ancestor of A and C.\n\nSince D is a descendant of C, it is the highest common ancestor of A and D.\n\nSince D is a descendant of A, it is the highest common ancestor of B and D.\n\nSince D is a descendant of B, it is the highest common ancestor of C and D.\n\nSince D is a descendant of C, it is the highest common ancestor of B and C.\n\nSince D is a descendant of B",
  "J_per_token": 1.7792634000000003
}