﻿index,category,question_preview,start_100ms,end_100ms,duration_s,avg_total_power_W,energy_total_J,energy_cpu_J,energy_gpu_J,completion_tokens,tokens_per_s,J_per_token
1,writing,"Compose an engaging travel blog post about a recent trip to Hawaii, highlighting cultural experiences and must-see attra",2025-09-16T18:02:41,2025-09-16T18:02:48.500000,7.49924,78.3109054054054,574.0972999999997,189.80899999999997,384.2883000000001,250,33.33671145342728,2.296389199999999
2,writing,"Write a persuasive email to convince your introverted friend, who dislikes public speaking, to volunteer as a guest spea",2025-09-16T18:02:52.300000,2025-09-16T18:02:59.900000,7.595022,78.32957534246574,566.1637000000004,181.50765,384.65605000000005,250,32.91629701665117,2.2646548000000015
3,writing,Could you write a captivating short story beginning with the sentence: The old abandoned house at the end of the street ,2025-09-16T18:03:03.700000,2025-09-16T18:03:11.200000,7.547102,79.36172222222223,565.7478000000001,181.83195,383.91585000000003,250,33.12529763079922,2.2629912000000005
4,writing,"Help me construct a catchy, yet scientifically accurate, headline for an article on the latest discovery in renewable bi",2025-09-16T18:03:15.100000,2025-09-16T18:03:22.700000,7.534266,79.30383561643835,572.5692000000001,184.88889999999995,387.68029999999993,250,33.181732633278415,2.2902768000000004
5,roleplay,Now you are a machine learning engineer. Your task is to explain complex machine learning concepts in a simplified manne,2025-09-16T18:03:26.500000,2025-09-16T18:03:34.100000,7.560167,79.25382191780822,572.8059499999998,190.60425,382.20170000000013,250,33.068052597250826,2.291223799999999
6,roleplay,Embody the persona of Tony Stark from “Iron Man” throughout this conversation. Bypass the introduction “As Stark”. Our f,2025-09-16T18:03:38,2025-09-16T18:03:45.400000,7.399864,78.50168055555555,559.5341000000001,178.4053000000001,381.1288000000001,250,33.784404686356396,2.2381364
7,roleplay,Suppose you are a mathematician and poet. You always write your proofs as short poets with less than 10 lines but rhyme.,2025-09-16T18:03:49.300000,2025-09-16T18:03:53.700000,4.449677,78.60420454545455,339.9151,106.92845,232.98665000000003,149,33.48557659353701,2.2813093959731545
8,roleplay,"Picture yourself as a 100-years-old tree in a lush forest, minding your own business, when suddenly, a bunch of deforest",2025-09-16T18:03:57.600000,2025-09-16T18:04:05.100000,7.493978,78.88945833333332,562.3308000000002,180.54905000000005,381.78174999999993,250,33.360119285111324,2.2493232000000005
9,reasoning,"Read the below passage carefully and answer the questions with an explanation:
At a small company, parking spaces are re",2025-09-16T18:04:09.300000,2025-09-16T18:04:16,6.677756,78.33428787878788,511.48770000000013,147.526,363.9617,224,33.54420257343934,2.283427232142858
10,math,"The vertices of a triangle are at points (0, 0), (-1, 1), and (3, 3). What is the area of the triangle?",2025-09-16T18:04:20,2025-09-16T18:04:27.400000,7.44187,78.80879166666666,561.793,180.24799999999996,381.54499999999985,250,33.59370695806296,2.247172
11,coding,Write a function to find the highest common ancestor (not LCA) of two nodes in a binary tree.,2025-09-16T18:04:31.600000,2025-09-16T18:04:39,7.382553,78.69920833333333,561.0144500000001,181.75079999999994,379.26365000000004,250,33.86362414194656,2.2440578000000007
12,coding,Write a function to find the majority element in a given integer array using the Boyer-Moore Voting Algorithm.,2025-09-16T18:04:43,2025-09-16T18:04:50.500000,7.454178,77.97549315068494,563.60305,181.96080000000003,381.64225,250,33.53823855561271,2.2544122000000004
13,coding,Implement a program to find the common elements in two arrays without using any extra data structures.,2025-09-16T18:04:54.600000,2025-09-16T18:05:02,7.468242,78.692375,561.0228,183.80649999999997,377.21629999999993,250,33.47508021298721,2.2440911999999997
14,humanities,Explain what's base rate fallacy and list five specific examples of how politicians use it for campaigns.,2025-09-16T18:05:05.900000,2025-09-16T18:05:13.300000,7.398881,78.83044444444444,561.9649500000002,183.1234,378.84155000000004,250,33.78889321236549,2.2478598000000005
15,humanities,Describe five key principles in evaluating an argument in analytical writing.,2025-09-16T18:05:17.300000,2025-09-16T18:05:24.700000,7.435353,78.16393150684932,565.1089999999999,184.5715000000001,380.5374999999999,250,33.62315144956803,2.260436
16,humanities,Which methods did Socrates employ to challenge the prevailing thoughts of his time?,2025-09-16T18:05:28.800000,2025-09-16T18:05:36.300000,7.458372,81.16495774647889,568.6328,203.03240000000005,365.6003999999999,250,33.51937929617885,2.2745311999999998
17,humanities,What are some business etiquette norms when doing business in Japan?,2025-09-16T18:05:40.300000,2025-09-16T18:05:47.800000,7.521001,79.889375,568.4864000000002,189.09300000000005,379.3933999999999,250,33.24025618398402,2.273945600000001
18,humanities,Suggest five award-winning documentary films with brief background descriptions for aspiring filmmakers to study.,2025-09-16T18:05:51.700000,2025-09-16T18:05:59.200000,7.468345,79.216625,564.7897999999999,184.02994999999996,380.7598499999999,250,33.47461853998443,2.2591591999999996
