{
  "start_time": "2025-09-16T18:09:39.417021",
  "end_time": "2025-09-16T18:09:43.544207",
  "start_time_100ms": "2025-09-16T18:09:39.400000",
  "end_time_100ms": "2025-09-16T18:09:43.500000",
  "duration_s": 4.127186,
  "avg_total_power_W": 116.40617073170732,
  "energy_total_J": 468.27585,
  "energy_cpu_J": 100.00835,
  "energy_gpu_J": 368.2675,
  "completion_tokens": 250,
  "tokens_per_s": 60.57396007836817,
  "answer": "\n\nSubject: Guest Speaker Opportunity\n\nDate:  ______\n\nTo:  ______\n\nFrom:  ______\n\nI'm writing to ask you to be a guest speaker at our organization's upcoming event. Our event is a fun and informative networking cocktail hour followed by a business-building keynote address by you!\n\nYour unique experience as a professional speaker combined with your charming personality will inspire attendees to take action and join our growing community.\n\nPlease let me know if you're interested.\n\nSincerely,\n\nYour Name\n\nTitle\n\nOrganization\n\nAddress\n\nCity, State, Zip\n\nEmail\n\nPhone\n\nInterested?\n\nYes\n\nNo\n\nThank you! We'll get back to you shortly.\n\n____________\n\n____________\n\n____________\n\n____________\n\n____________\n\n____________\n\n____________\n\n____________\n\n____________\n\n____________\n\n____________\n\n____________\n\n____________\n\n____________\n\n____________\n\n____________\n\n____________\n\n____________\n\n____________\n\n____________\n\n____________\n\n____________\n\n____________\n\n____________\n\n____________\n\n____________\n\n____________\n\n____________\n\n____________",
  "J_per_token": 1.8731034
}