{
  "start_time": "2025-09-16T18:14:59.378749",
  "end_time": "2025-09-16T18:15:06.935820",
  "start_time_100ms": "2025-09-16T18:14:59.400000",
  "end_time_100ms": "2025-09-16T18:15:06.900000",
  "duration_s": 7.557071,
  "avg_total_power_W": 77.73602777777778,
  "energy_total_J": 554.0302499999998,
  "energy_cpu_J": 185.94715000000002,
  "energy_gpu_J": 368.08309999999983,
  "completion_tokens": 250,
  "tokens_per_s": 33.08160000084689,
  "answer": "\n\n## Business Etiquette in Japan\n\n**Respect and Harmony:**\n\n* **Bowing:**  A deep bow is the standard greeting and farewell. The deeper the bow, the more respect.\n* **Address people formally:** Use titles (san, sensei, etc.) and surnames until you are closer to them.\n* **Avoid direct eye contact:** It can be perceived as rude.\n* **Politeness is paramount:** Always use polite language, even when disagreeing. \n* **Sharing is caring:**  Offer food and drinks frequently, even if you don't know the person well.\n* **Group activity:**  Business meetings are often group events with emphasis on harmony and consensus.\n* **Silence is golden:** Don't interrupt unless it is your turn to speak. \n\n**Communication and Interaction:**\n\n* **Phone calls:**  Use a formal tone and avoid being too abrupt.\n* **Business cards:**  Always exchange business cards and remember them. \n* **Handshakes:**  While not as common as bowing, a firm handshake is a sign of respect.\n* **Avoid personal talk:**  Keep conversations focused on work and business matters.\n* **Gift-giving:**  Giving",
  "J_per_token": 2.2161209999999993
}