{
  "start_time": "2025-09-16T17:58:45.462054",
  "end_time": "2025-09-16T17:58:51.741402",
  "start_time_100ms": "2025-09-16T17:58:45.500000",
  "end_time_100ms": "2025-09-16T17:58:51.700000",
  "duration_s": 6.279348,
  "avg_total_power_W": 120.60045901639344,
  "energy_total_J": 726.9524500000001,
  "energy_cpu_J": 140.81085000000002,
  "energy_gpu_J": 586.1416000000002,
  "completion_tokens": 250,
  "tokens_per_s": 39.8130506543036,
  "answer": " The function should be efficient and handle edge cases like when one node is an ancestor of the other.\n\nTo solve this problem, we can use a recursive approach. The idea is to traverse the tree and check if both nodes are present in the left or right subtree of the current node. If both are present, then the current node is the LCA. Otherwise, we continue the search in the appropriate subtree.\n\nHere's the step-by-step approach:\n\n1. Define a function `findLCA` that takes the root of the binary tree and the two nodes `n1` and `n2` as input.\n2. Check if the current node is either `n1` or `n2`. If so, return the current node.\n3. Recursively search for `n1` and `n2` in the left and right subtrees of the current node.\n4. If both `n1` and `n2` are found in the left subtree, return the LCA from the left subtree.\n5. If both are found in the right subtree, return the LCA from the right subtree.\n6. If one is found in the left subtree and the other in the right subtree, return the current node as the",
  "J_per_token": 2.9078098000000003
}