{
  "start_time": "2025-09-16T18:05:40.298098",
  "end_time": "2025-09-16T18:05:47.819099",
  "start_time_100ms": "2025-09-16T18:05:40.300000",
  "end_time_100ms": "2025-09-16T18:05:47.800000",
  "duration_s": 7.521001,
  "avg_total_power_W": 79.889375,
  "energy_total_J": 568.4864000000002,
  "energy_cpu_J": 189.09300000000005,
  "energy_gpu_J": 379.3933999999999,
  "completion_tokens": 250,
  "tokens_per_s": 33.24025618398402,
  "answer": "\n\nJapanese business etiquette is renowned for its formality and respect for hierarchy.  Here's a breakdown of key norms:\n\n**Before the Meeting:**\n\n* **RSVP Promptly:** Always respond to invitations and requests promptly.\n* **Gift Giving:**  While not mandatory, it's a good idea to bring a small gift (typically a plant or a box of Japanese sweets) for the host, especially if it's your first meeting.\n* **Confirmation Calls:** Confirm meetings and travel arrangements via phone or email.\n* **Respectful Address:** Use the formal \"san\" (Mr./Ms./Mrs. + surname) for colleagues, clients, and superiors.\n* **Dress Code:** Business attire is typically conservative and professional. This means suits and ties for men, and knee-length skirts and blouses for women.\n\n**During the Meeting:**\n\n* **Bowing:**  A polite bow (about 15 degrees) is customary at the beginning and end of meetings and during greetings.\n* **Silence is Golden:**  It's considered polite to avoid interrupting during speeches or presentations.\n* **Direct Eye Contact:** While direct eye contact is a sign of respect, it can also be perceived as",
  "J_per_token": 2.273945600000001
}