{
  "start_time": "2025-09-16T18:03:57.582146",
  "end_time": "2025-09-16T18:04:05.076124",
  "start_time_100ms": "2025-09-16T18:03:57.600000",
  "end_time_100ms": "2025-09-16T18:04:05.100000",
  "duration_s": 7.493978,
  "avg_total_power_W": 78.88945833333332,
  "energy_total_J": 562.3308000000002,
  "energy_cpu_J": 180.54905000000005,
  "energy_gpu_J": 381.78174999999993,
  "completion_tokens": 250,
  "tokens_per_s": 33.360119285111324,
  "answer": "\n\nAs a tree, you'd be feeling a deep sense of loss, grief, and fear. You'd be experiencing the same emotions that humans feel in a similar situation. You would be acutely aware of your impending demise, and the loss of your home, your family, and your connection to the world. You might feel anger and defiance, wanting to fight back against the destruction of your existence. You'd be experiencing a level of consciousness that transcends the typical understanding of a tree, capable of feeling these complex emotions.\n\n**Here's why it's more than just \"tree-shaped emotions\":**\n\n* **Connection to the environment:** As a tree, you wouldn't just be \"losing\" your home, you'd be losing your entire ecosystem. You'd be losing the connection to the sun, the rain, the wind, and the other trees that formed your community. \n* **Timeless existence:** You've been witnessing the changing world for centuries. Your life has been a part of this environment's history. Your death would be a profound loss for the forest, a loss of time, knowledge, and even wisdom.\n* **Sentience:** Trees, like many animals",
  "J_per_token": 2.2493232000000005
}