﻿index,category,question_preview,start_100ms,end_100ms,duration_s,avg_total_power_W,energy_total_J,energy_cpu_J,energy_gpu_J,completion_tokens,tokens_per_s,J_per_token,error
1,writing,"Compose an engaging travel blog post about a recent trip to Hawaii, highlighting cultural experiences and must-see attra",2025-09-13T17:31:40.600000,2025-09-13T17:31:46.900000,6.294118,125.9589524,784.56105,197.2106,587.35045,250,39.71962394,3.1382442,
3,writing,"Imagine you are writing a blog post comparing two popular smartphone models. Develop an outline for the blog post, inclu",2025-09-13T17:32:03.200000,2025-09-13T17:32:09.600000,6.383369,135.4021311,815.9346,210.48655,605.44805,250,39.16427203,3.2637384,
4,writing,"Write a persuasive email to convince your introverted friend, who dislikes public speaking, to volunteer as a guest spea",2025-09-13T17:32:13.600000,2025-09-13T17:32:19.900000,6.352895,125.2520656,755.0812,170.76825,584.31295,250,39.35213788,3.0203248,
5,writing,"Describe a vivid and unique character, using strong imagery and creative language. Please answer in fewer than two parag",2025-09-13T17:32:23.700000,2025-09-13T17:32:30.200000,6.449491,125.6517258,769.86155,181.1429,588.71865,250,38.76274887,3.0794462,
6,writing,"Write a descriptive paragraph about a bustling marketplace, incorporating sensory details such as smells, sounds, and vi",2025-09-13T17:32:34,2025-09-13T17:32:40.300000,6.316983,123.1782295,743.0026,152.4525,590.5501,250,39.57585449,2.9720104,
7,writing,Could you write a captivating short story beginning with the sentence: The old abandoned house at the end of the street ,2025-09-13T17:32:44.300000,2025-09-13T17:32:50.700000,6.350081,122.7195806,752.27525,153.84485,598.4304,250,39.36957655,3.009101,
8,writing,Craft an intriguing opening paragraph for a fictional short story. The story should involve a character who wakes up one,2025-09-13T17:32:54.700000,2025-09-13T17:33:00.900000,6.239718,124.7375667,739.4247,153.35645,586.06825,250,40.06591324,2.9576988,
9,writing,"Help me construct a catchy, yet scientifically accurate, headline for an article on the latest discovery in renewable bi",2025-09-13T17:33:04.900000,2025-09-13T17:33:11.200000,6.284462,124.3339016,749.7019,159.54655,590.15535,250,39.78065266,2.9988076,
12,roleplay,"Embrace the role of Sheldon from ""The Big Bang Theory"" as we delve into our conversation. Don’t start with phrases like ",2025-09-13T17:33:40.200000,2025-09-13T17:33:46.500000,6.300004,121.6956667,757.3536,154.6118,602.7418,250,39.68251449,3.0294144,
13,roleplay,Imagine yourself as a doctor tasked with devising innovative remedies for various ailments and maladies. Your expertise ,2025-09-13T17:33:50.600000,2025-09-13T17:33:57,6.360421,121.5953226,745.1795,155.1507,590.0288,250,39.30557427,2.980718,
14,roleplay,Please take on the role of a relationship coach. You'll be provided with details about two individuals caught in a confl,2025-09-13T17:34:00.800000,2025-09-13T17:34:07.100000,6.35801,125.0540164,753.95305,152.85505,601.098,250,39.32047921,3.0158122,
15,roleplay,"Please assume the role of an English translator, tasked with correcting and enhancing spelling and language. Regardless ",2025-09-13T17:34:11.100000,2025-09-13T17:34:17.500000,6.369611,122.9319194,753.52935,156.36205,597.1673,250,39.24886465,3.0141174,
16,roleplay,Now you are a machine learning engineer. Your task is to explain complex machine learning concepts in a simplified manne,2025-09-13T17:34:21.300000,2025-09-13T17:34:27.600000,6.29,121.6427833,721.23965,138.9252,582.31445,250,39.74562798,2.8849586,
18,roleplay,Embody the persona of Tony Stark from “Iron Man” throughout this conversation. Bypass the introduction “As Stark”. Our f,2025-09-13T17:34:44.100000,2025-09-13T17:34:50.400000,6.307761,137.1683871,840.3783,245.1419,595.2364,250,39.63371472,3.3615132,
19,roleplay,Suppose you are a mathematician and poet. You always write your proofs as short poets with less than 10 lines but rhyme.,2025-09-13T17:34:54.200000,2025-09-13T17:35:00.500000,6.279314,124.3294098,749.5258,158.9468,590.579,250,39.81326623,2.9981032,
20,roleplay,"Picture yourself as a 100-years-old tree in a lush forest, minding your own business, when suddenly, a bunch of deforest",2025-09-13T17:35:04.300000,2025-09-13T17:35:10.700000,6.382335,122.747623,739.9724,150.14385,589.82855,250,39.17061702,2.9598896,
24,reasoning,David has three sisters. Each of them has one brother. How many brothers does David have?,2025-09-13T17:35:52,2025-09-13T17:35:58.200000,6.236277,123.6249833,732.8122,149.25595,583.55625,250,40.08802046,2.9312488,
25,reasoning,"Read the below passage carefully and answer the questions with an explanation:
At a small company, parking spaces are re",2025-09-13T17:36:02.100000,2025-09-13T17:36:08.600000,6.487467,123.6357258,757.922,153.48685,604.43515,250,38.53584149,3.031688,
26,reasoning,"Each problem consists of three statements. Based on the first two statements, the third statement may be true, false, or",2025-09-13T17:36:12.400000,2025-09-13T17:36:18.700000,6.304601,124.7180656,751.92725,152.64885,599.2784,250,39.65357998,3.007709,
28,reasoning,"Which word does not belong with the others?
tyre, steering wheel, car, engine",2025-09-13T17:36:35.200000,2025-09-13T17:36:41.400000,6.228492,122.5795902,738.3614,151.8929,586.4685,250,40.13812653,2.9534456,
29,reasoning,"One morning after sunrise, Suresh was standing facing a pole. The shadow of the pole fell exactly to his right. Can you ",2025-09-13T17:36:45.400000,2025-09-13T17:36:51.700000,6.303038,124.5442623,750.92755,154.20135,596.7262,250,39.6634131,3.0037102,
30,reasoning,"Parents have complained to the principal about bullying during recess. The principal wants to quickly resolve this, inst",2025-09-13T17:36:55.600000,2025-09-13T17:37:02.200000,6.579862,126.1244286,785.50005,174.2181,611.28195,250,37.99471782,3.1420002,
31,math,"The vertices of a triangle are at points (0, 0), (-1, 1), and (3, 3). What is the area of the triangle?",2025-09-13T17:37:06.100000,2025-09-13T17:37:12.400000,6.299699,122.9038525,741.0188,152.46935,588.54945,250,39.68443572,2.9640752,
32,math,"A tech startup invests $8000 in software development in the first year, and then invests half of that amount in software",2025-09-13T17:37:16.300000,2025-09-13T17:37:22.600000,6.35834,122.138623,736.155,151.77865,584.37635,250,39.31843846,2.94462,
34,math,"When rolling two dice, what is the probability that you roll a total number that is at least 3?",2025-09-13T17:37:39.600000,2025-09-13T17:37:45.700000,6.165093,122.9599672,741.55065,154.0027,587.54795,250,40.55088869,2.9662026,
37,math,How many integers are in the solution of the inequality |x + 5| < 10,2025-09-13T17:38:14.700000,2025-09-13T17:38:20.900000,6.180851,125.05205,741.4362,160.1374,581.2988,250,40.44750472,2.9657448,
39,math,"Benjamin went to a bookstore and purchased a variety of books. He bought 5 copies of a sci-fi novel, each priced at $20,",2025-09-13T17:38:37.500000,2025-09-13T17:38:43.800000,6.326708,123.6970323,758.22795,166.5678,591.66015,250,39.51502108,3.0329118,
45,coding,Write a function to find the highest common ancestor (not LCA) of two nodes in a binary tree.,2025-09-13T17:39:50.200000,2025-09-13T17:39:56.400000,6.144591,123.4879333,732.2671,150.6899,581.5772,250,40.6861905,2.9290684,
47,coding,Write a function to find the majority element in a given integer array using the Boyer-Moore Voting Algorithm.,2025-09-13T17:40:13,2025-09-13T17:40:19.200000,6.16978,122.3680984,737.88415,154.0604,583.82375,250,40.52008337,2.9515366,
50,coding,Implement a program to find the common elements in two arrays without using any extra data structures.,2025-09-13T17:40:48.200000,2025-09-13T17:40:54.400000,6.16038,120.1849677,736.67615,153.4732,583.20295,250,40.58191215,2.9467046,
52,extraction,"Given these categories - Literature, History, Science, and Art. Please analyze the following questions and assign them t",2025-09-13T17:41:11,2025-09-13T17:41:17.400000,6.407245,120.8429048,752.88575,157.5413,595.34445,250,39.01833003,3.011543,
53,extraction,"Extract the following information from the presented texts: The name of the book, the author, the main character, the ye",2025-09-13T17:41:21.500000,2025-09-13T17:41:28.100000,6.583927,122.5397302,763.3388,154.76185,608.57695,250,37.9712594,3.0533552,
54,extraction,"Given the following data, identify the company with the highest profit in 2021 and provide its CEO's name:
a) Company X,",2025-09-13T17:41:32,2025-09-13T17:41:38.600000,6.530471,122.4835938,775.15195,158.53345,616.6185,250,38.28207797,3.1006078,
56,extraction,"Please read the paragraph below and count how many times the words ""Amazon"", ""river"", and ""you"" appear. Please present t",2025-09-13T17:41:55.400000,2025-09-13T17:42:02,6.564684,120.5394923,775.3207,163.2043,612.1164,250,38.08256422,3.1012828,
57,extraction,"Identify the named entities (people, organizations, locations) mentioned in the given news article. Please generate a JS",2025-09-13T17:42:06.100000,2025-09-13T17:42:12.700000,6.589056,121.3489219,768.1413,157.74015,610.40115,250,37.94170212,3.0725652,
58,extraction,"Analyze the following customer reviews from different sources for three different smartphones - the latest iPhone, Samsu",2025-09-13T17:42:16.700000,2025-09-13T17:42:23.300000,6.65441,128.6870625,813.8963,193.81725,620.07905,250,37.56907074,3.2555852,
59,extraction,"Given a set of complex equations, extract all unique variable names from each equation. Return the results as a JSON str",2025-09-13T17:42:27.300000,2025-09-13T17:42:33.700000,6.408543,123.8107419,759.03415,159.47565,599.5585,250,39.01042718,3.0361366,
60,extraction,"Given the following records of stock prices, extract the highest and lowest closing prices for each month in the year 20",2025-09-13T17:42:37.500000,2025-09-13T17:42:44.200000,6.702459,122.5757031,775.4955,159.77165,615.72385,250,37.29974327,3.101982,
61,stem,"In the field of quantum physics, what is superposition, and how does it relate to the phenomenon of quantum entanglement",2025-09-13T17:42:48,2025-09-13T17:42:54.300000,6.33802,123.514871,757.07255,160.89385,596.1787,250,39.44449528,3.0282902,
62,stem,Consider a satellite that is in a circular orbit around the Earth. The speed of the satellite decreases. What will happe,2025-09-13T17:42:58.100000,2025-09-13T17:43:04.500000,6.348174,121.9812951,735.34825,148.21125,587.137,250,39.38140322,2.941393,
63,stem,"Photosynthesis is a vital process for life on Earth. Could you outline the two main stages of photosynthesis, including ",2025-09-13T17:43:08.600000,2025-09-13T17:43:14.900000,6.301569,122.9186557,741.14605,152.2123,588.93375,250,39.6726593,2.9645842,
64,stem,What is the central dogma of molecular biology? What processes are involved? Who named this?,2025-09-13T17:43:19,2025-09-13T17:43:25.300000,6.313591,122.4624754,738.22055,149.39895,588.8216,250,39.59711676,2.9528822,
65,stem,Describe the process and write out the balanced chemical equation for the reaction that occurs when solid calcium carbon,2025-09-13T17:43:29,2025-09-13T17:43:35.400000,6.301724,124.4208852,750.3802,152.1213,598.2589,250,39.67168349,3.0015208,
66,stem,"Please explain the differences between exothermic and endothermic reactions, and include the criteria you used to distin",2025-09-13T17:43:39.300000,2025-09-13T17:43:45.500000,6.268552,123.9147377,746.90405,155.03705,591.867,250,39.88161859,2.9876162,
68,stem,You have been tasked with designing a solar-powered water heating system for a residential building. Describe the key co,2025-09-13T17:44:02.200000,2025-09-13T17:44:08.400000,6.183694,122.7007541,740.0004,150.4119,589.5885,250,40.42890867,2.9600016,
69,stem,"Please describe the concept of machine learning. Could you elaborate on the differences between supervised, unsupervised",2025-09-13T17:44:12.200000,2025-09-13T17:44:18.500000,6.343139,122.168629,748.1792,154.65915,593.52005,250,39.41266304,2.9927168,
70,stem,How have the Alps and Rhine River influenced settlement and agriculture in Western Europe? List three impacts.,2025-09-13T17:44:22.400000,2025-09-13T17:44:28.700000,6.302743,122.7840164,740.33265,154.19235,586.1403,250,39.66526955,2.9613306,
71,humanities,"Provide insights into the correlation between economic indicators such as GDP, inflation, and unemployment rates. Explai",2025-09-13T17:44:32.500000,2025-09-13T17:44:38.800000,6.362816,121.4324355,744.3253,153.83705,590.48825,250,39.29077943,2.9773012,
74,humanities,"Create a lesson plan that integrates drama, mime or theater techniques into a history class. Duration: 3 class periods (",2025-09-13T17:45:07.800000,2025-09-13T17:45:14,6.210404,121.9608197,734.641,151.0012,583.6398,250,40.25503011,2.938564,
75,humanities,Share ideas for adapting art masterpieces into interactive experiences for children. List 5 specific artworks and associ,2025-09-13T17:45:18,2025-09-13T17:45:24.300000,6.301476,119.9343607,722.7675,133.8365,588.931,250,39.67324481,2.89107,
76,humanities,Explain what's base rate fallacy and list five specific examples of how politicians use it for campaigns.,2025-09-13T17:45:28.100000,2025-09-13T17:45:34.400000,6.320156,122.2969344,737.16875,151.2572,585.91155,250,39.55598564,2.948675,
77,humanities,Describe five key principles in evaluating an argument in analytical writing.,2025-09-13T17:45:38.500000,2025-09-13T17:45:44.800000,6.314204,121.7216721,733.9077,152.6037,581.304,250,39.59327256,2.9356308,
78,humanities,Which methods did Socrates employ to challenge the prevailing thoughts of his time?,2025-09-13T17:45:48.600000,2025-09-13T17:45:54.900000,6.308747,122.5686721,738.8934,150.6454,588.248,250,39.62752033,2.9555736,
79,humanities,What are some business etiquette norms when doing business in Japan?,2025-09-13T17:45:58.900000,2025-09-13T17:46:05.200000,6.305503,123.3301148,743.66945,155.0611,588.60835,250,39.64790755,2.9746778,
80,humanities,Suggest five award-winning documentary films with brief background descriptions for aspiring filmmakers to study.,2025-09-13T17:46:08.900000,2025-09-13T17:46:15.200000,6.319303,122.7400333,727.5855,147.47105,580.11445,250,39.56132504,2.910342,
