﻿action,run,question_dir,len_cpu,len_gpu,len_total
dolly-v2-3b-Q6_K,dolly-v2-3b-Q6_K__mtbench_20250916_180006,E:\SLM\runs_mtbench2\dolly-v2-3b-Q6_K\dolly-v2-3b-Q6_K__mtbench_20250916_180006\q_0001_writing_Compose an engaging travel blog post abo,38,38,38
dolly-v2-3b-Q6_K,dolly-v2-3b-Q6_K__mtbench_20250916_180006,E:\SLM\runs_mtbench2\dolly-v2-3b-Q6_K\dolly-v2-3b-Q6_K__mtbench_20250916_180006\q_0002_writing_Write a persuasive email to convince you,40,40,40
dolly-v2-3b-Q6_K,dolly-v2-3b-Q6_K__mtbench_20250916_180006,E:\SLM\runs_mtbench2\dolly-v2-3b-Q6_K\dolly-v2-3b-Q6_K__mtbench_20250916_180006\q_0003_writing_Could you write a captivating short stor,39,39,39
dolly-v2-3b-Q6_K,dolly-v2-3b-Q6_K__mtbench_20250916_180006,"E:\SLM\runs_mtbench2\dolly-v2-3b-Q6_K\dolly-v2-3b-Q6_K__mtbench_20250916_180006\q_0004_writing_Help me construct a catchy, yet scientif",39,39,39
dolly-v2-3b-Q6_K,dolly-v2-3b-Q6_K__mtbench_20250916_180006,E:\SLM\runs_mtbench2\dolly-v2-3b-Q6_K\dolly-v2-3b-Q6_K__mtbench_20250916_180006\q_0005_roleplay_Now you are a machine learning engineer,40,40,40
dolly-v2-3b-Q6_K,dolly-v2-3b-Q6_K__mtbench_20250916_180006,E:\SLM\runs_mtbench2\dolly-v2-3b-Q6_K\dolly-v2-3b-Q6_K__mtbench_20250916_180006\q_0006_roleplay_Embody the persona of Tony Stark from “I,39,39,39
dolly-v2-3b-Q6_K,dolly-v2-3b-Q6_K__mtbench_20250916_180006,E:\SLM\runs_mtbench2\dolly-v2-3b-Q6_K\dolly-v2-3b-Q6_K__mtbench_20250916_180006\q_0007_roleplay_Suppose you are a mathematician and poet,39,39,39
dolly-v2-3b-Q6_K,dolly-v2-3b-Q6_K__mtbench_20250916_180006,E:\SLM\runs_mtbench2\dolly-v2-3b-Q6_K\dolly-v2-3b-Q6_K__mtbench_20250916_180006\q_0008_roleplay_Picture yourself as a 100-years-old tree,39,39,39
dolly-v2-3b-Q6_K,dolly-v2-3b-Q6_K__mtbench_20250916_180006,E:\SLM\runs_mtbench2\dolly-v2-3b-Q6_K\dolly-v2-3b-Q6_K__mtbench_20250916_180006\q_0009_reasoning_Read the below passage carefully and ans,40,40,40
dolly-v2-3b-Q6_K,dolly-v2-3b-Q6_K__mtbench_20250916_180006,E:\SLM\runs_mtbench2\dolly-v2-3b-Q6_K\dolly-v2-3b-Q6_K__mtbench_20250916_180006\q_0010_math_The vertices of a triangle are at points,39,39,39
dolly-v2-3b-Q6_K,dolly-v2-3b-Q6_K__mtbench_20250916_180006,E:\SLM\runs_mtbench2\dolly-v2-3b-Q6_K\dolly-v2-3b-Q6_K__mtbench_20250916_180006\q_0011_coding_Write a function to find the highest com,40,40,40
dolly-v2-3b-Q6_K,dolly-v2-3b-Q6_K__mtbench_20250916_180006,E:\SLM\runs_mtbench2\dolly-v2-3b-Q6_K\dolly-v2-3b-Q6_K__mtbench_20250916_180006\q_0012_coding_Write a function to find the majority el,38,38,38
dolly-v2-3b-Q6_K,dolly-v2-3b-Q6_K__mtbench_20250916_180006,E:\SLM\runs_mtbench2\dolly-v2-3b-Q6_K\dolly-v2-3b-Q6_K__mtbench_20250916_180006\q_0013_coding_Implement a program to find the common e,39,39,39
dolly-v2-3b-Q6_K,dolly-v2-3b-Q6_K__mtbench_20250916_180006,E:\SLM\runs_mtbench2\dolly-v2-3b-Q6_K\dolly-v2-3b-Q6_K__mtbench_20250916_180006\q_0014_humanities_Explain what's base rate fallacy and lis,39,39,39
dolly-v2-3b-Q6_K,dolly-v2-3b-Q6_K__mtbench_20250916_180006,E:\SLM\runs_mtbench2\dolly-v2-3b-Q6_K\dolly-v2-3b-Q6_K__mtbench_20250916_180006\q_0015_humanities_Describe five key principles in evaluati,40,40,40
dolly-v2-3b-Q6_K,dolly-v2-3b-Q6_K__mtbench_20250916_180006,E:\SLM\runs_mtbench2\dolly-v2-3b-Q6_K\dolly-v2-3b-Q6_K__mtbench_20250916_180006\q_0016_humanities_Which methods did Socrates employ to cha,38,38,38
dolly-v2-3b-Q6_K,dolly-v2-3b-Q6_K__mtbench_20250916_180006,E:\SLM\runs_mtbench2\dolly-v2-3b-Q6_K\dolly-v2-3b-Q6_K__mtbench_20250916_180006\q_0017_humanities_What are some business etiquette norms w,39,39,39
dolly-v2-3b-Q6_K,dolly-v2-3b-Q6_K__mtbench_20250916_180006,E:\SLM\runs_mtbench2\dolly-v2-3b-Q6_K\dolly-v2-3b-Q6_K__mtbench_20250916_180006\q_0018_humanities_Suggest five award-winning documentary f,39,39,39
