{
  "start_time": "2025-09-16T18:12:34.660435",
  "end_time": "2025-09-16T18:12:42.616993",
  "start_time_100ms": "2025-09-16T18:12:34.700000",
  "end_time_100ms": "2025-09-16T18:12:42.600000",
  "duration_s": 7.956558,
  "avg_total_power_W": 70.7083552631579,
  "energy_total_J": 531.67555,
  "energy_cpu_J": 189.32749999999996,
  "energy_gpu_J": 342.34805,
  "completion_tokens": 250,
  "tokens_per_s": 31.420621831701595,
  "answer": "\n\n**Article Focus:**  A new discovery in algae cultivation that significantly increases the efficiency of converting sunlight into bio-energy while minimizing the environmental impact of large-scale production.\n\n**Ethical Dilemma:** The article should acknowledge the potential ethical concerns regarding land use and food security when discussing bio-energy, but also highlight the potential positive impact of this new technology on the environment.\n\n## Headline Options:\n\n**1. Green Revolution: Algae Breakthrough Fuels Bio-Energy with Minimal Footprint**\n**2. Sustainable Powerhouse: Algae Innovation Promises Renewable Energy for a Growing Planet**\n**3. Sunlight to Fuel: Algae Cultivation Revolutionizes Bio-Energy Efficiency**\n**4. Balancing Act: Algae Bio-Energy Advances Offer Hope for a Sustainable Future**\n\n\n**Explain your choices:**\n\n**1. Green Revolution: Algae Breakthrough Fuels Bio-Energy with Minimal Footprint**\n* **Explanation:** This headline is catchy and evokes a sense of progress and innovation. It emphasizes the potential of algae cultivation to fuel a sustainable future, while highlighting the reduced environmental impact. \n* **Strength:** Catchy and positive, uses familiar terminology.\n* **Weakness:** Might sound like a simplistic solution to complex issues. \n\n**2. Sustainable Powerhouse",
  "J_per_token": 2.1267022
}