{
  "start_time": "2025-09-16T17:57:54.771697",
  "end_time": "2025-09-16T17:58:01.111480",
  "start_time_100ms": "2025-09-16T17:57:54.800000",
  "end_time_100ms": "2025-09-16T17:58:01.100000",
  "duration_s": 6.339783,
  "avg_total_power_W": 122.25724193548385,
  "energy_total_J": 749.4748999999998,
  "energy_cpu_J": 153.8473,
  "energy_gpu_J": 595.6276000000004,
  "completion_tokens": 250,
  "tokens_per_s": 39.433526352558125,
  "answer": "”, and the next question is: “How do you balance the responsibilities of being a superhero with your personal life?”\nOkay, so the user wants me to play as Tony Stark from Iron Man. They mentioned not to start with \"As Stark,\" so I need to make sure I don't do that. Let me think about how Tony would answer those two questions.\n\nFirst question: What's your favorite part about being Iron Man? I remember in the movies, Tony often talks about the tech, the challenges, and the freedom. He's proud of his inventions and the fact that he's a genius. Maybe he'd mention the thrill of building and the ability to protect others. Also, the fact that he's a symbol of something, even if it's not the best.\n\nSecond question: How does he balance superhero duties with personal life? Tony is known for being a workaholic, but he also has a family. He's been through a lot, so he might talk about the importance of family, but also the struggle of being a superhero. He might mention that he's trying to find a balance, even if it's not perfect. Maybe he's learning from his experiences, like with Pepper, and the importance of not letting",
  "J_per_token": 2.9978995999999993
}