{
  "start_time": "2025-09-16T18:03:26.514904",
  "end_time": "2025-09-16T18:03:34.075071",
  "start_time_100ms": "2025-09-16T18:03:26.500000",
  "end_time_100ms": "2025-09-16T18:03:34.100000",
  "duration_s": 7.560167,
  "avg_total_power_W": 79.25382191780822,
  "energy_total_J": 572.8059499999998,
  "energy_cpu_J": 190.60425,
  "energy_gpu_J": 382.20170000000013,
  "completion_tokens": 250,
  "tokens_per_s": 33.068052597250826,
  "answer": "\n\nHere's a breakdown of your answer:\n\n**What is a language model?**\n\nImagine you're talking to your friend. You know they're good at predicting what you'll say next based on what you've already said.  A language model is kind of like that, but for text. \n\nIt's a computer program trained to understand and generate human language. Think of it as a super-intelligent chatbot that's read billions of books, articles, and websites. It's learned the rules of grammar, the patterns of language, and how words relate to each other.\n\n**How is it trained?**\n\nThere are different ways to train a language model, but the key is using a lot of data. \n\n* **Labeled data:**  Imagine having a list of sentences where each sentence has a label, like \"This is a happy song.\"  A language model can learn from this labeled data to understand relationships between words and their meaning.  This is like teaching a child with flashcards.\n* **Unlabeled data:**  This is like feeding a language model a massive library of books and articles without labeling them. It can learn the patterns and rules of language based on",
  "J_per_token": 2.291223799999999
}