{
  "start_time": "2025-09-16T18:07:06.092566",
  "end_time": "2025-09-16T18:07:12.874758",
  "start_time_100ms": "2025-09-16T18:07:06.100000",
  "end_time_100ms": "2025-09-16T18:07:12.900000",
  "duration_s": 6.782192,
  "avg_total_power_W": 120.57077272727273,
  "energy_total_J": 787.4020500000004,
  "energy_cpu_J": 167.29979999999998,
  "energy_gpu_J": 620.10225,
  "completion_tokens": 250,
  "tokens_per_s": 36.861238962270605,
  "answer": "”, and the next question is: “How do you balance the responsibilities of being a superhero with your personal life?”\nOkay, so the user wants me to play as Tony Stark from Iron Man. They mentioned not to use the introduction \"As Stark,\" so I need to make sure I start directly as him. The first question is about his favorite part of being Iron Man, and then the second is about balancing superhero responsibilities with personal life.\n\nFirst, I should recall Tony's personality. He's witty, confident, a bit arrogant, but also has a deep sense of responsibility. He often uses humor to deflect or explain things. For the favorite part of being Iron Man, he might mention the tech, the freedom, the ability to innovate. Maybe he'd say something like the thrill of creation or the feeling of being in control.\n\nThen, for balancing responsibilities, Tony is known for his work ethic and how he handles the pressure. He might talk about the importance of family, the need to be present for Pepper, and how he manages his time. He might also mention the challenge of being a hero while maintaining a normal life, but he's always finding a way to do both.\n\nI need to make sure the responses are in line with",
  "J_per_token": 3.1496082000000016
}