{
  "start_time": "2025-09-16T18:01:46.137926",
  "end_time": "2025-09-16T18:01:50.045503",
  "start_time_100ms": "2025-09-16T18:01:46.100000",
  "end_time_100ms": "2025-09-16T18:01:50",
  "duration_s": 3.907577,
  "avg_total_power_W": 115.33828205128205,
  "energy_total_J": 441.09175,
  "energy_cpu_J": 95.43055000000001,
  "energy_gpu_J": 345.6612,
  "completion_tokens": 250,
  "tokens_per_s": 63.978265815363336,
  "answer": "\n\nAssume the following arrays:\n\n1. arr1: [1, 2, 3, 4, 5, 6, 7, 8, 9]\n2. arr2: [1, 1, 2, 3, 3, 4, 5, 6, 7]\n\nThe common elements between the two arrays are:\n1. [1, 1, 2, 3, 3]\n2. [2, 3, 4, 5, 6]\n\nThis can be done efficiently in O(n log n).\n\nThe algorithm to do this is:\n1. Sort both the arrays.\n2. Find the longest common subsequence between the two sorted arrays.\n3. Merge the two subsequences together.\n4. Discard the first half of the merged subsequence.\n5. Repeat steps 3 and 4 until no more common elements are found.\n6. Return the subsequence of the merged subsequence of step 5.\n\nThis can be done in O(n log n).\n\nTo understand this better, refer to these links:\n1. Longest common subsequence\n2. Merge two sorted arrays\n3. Merge two sorted arrays with",
  "J_per_token": 1.764367
}