{
  "start_time": "2025-09-16T18:14:24.231299",
  "end_time": "2025-09-16T18:14:32.204728",
  "start_time_100ms": "2025-09-16T18:14:24.200000",
  "end_time_100ms": "2025-09-16T18:14:32.200000",
  "duration_s": 7.973429,
  "avg_total_power_W": 68.40599999999999,
  "energy_total_J": 514.2601,
  "energy_cpu_J": 172.89284999999998,
  "energy_gpu_J": 341.36725,
  "completion_tokens": 250,
  "tokens_per_s": 31.354138852932657,
  "answer": "\n\n## Base Rate Fallacy in Politics\n\nThe base rate fallacy is a cognitive bias where individuals over-emphasize certain individual characteristics (the \"specifics\") and under-emphasize overall frequency or context (the \"base rate\"). It's essentially a faulty reasoning process where you prioritize the specific information you have, rather than the broader, more accurate picture.\n\n**How Politicians Use It:**\n\n1. **Claiming a Candidate is \"Unique\":** Politicians might claim a candidate is different or special because of a specific trait. For example, they might say a candidate is the \"only one\" who truly cares about a specific issue or has the \"unique\" experience to solve a problem. This ignores the wider context and how many others might share similar traits.\n2. **Highlighting Personal Anecdotes:** Politicians often focus on personal anecdotes to paint a picture of their character and accomplishments. They might exaggerate or cherry-pick these stories to support their narrative, even if the overall picture is skewed by individual circumstances.\n3. **Downplaying Evidence Against Them:**  When facing criticism or negative information, politicians might dismiss it by focusing on a few specific details or ignoring the larger body of evidence. For example,",
  "J_per_token": 2.0570404
}