{
  "start_time": "2025-09-16T18:03:03.699021",
  "end_time": "2025-09-16T18:03:11.246123",
  "start_time_100ms": "2025-09-16T18:03:03.700000",
  "end_time_100ms": "2025-09-16T18:03:11.200000",
  "duration_s": 7.547102,
  "avg_total_power_W": 79.36172222222223,
  "energy_total_J": 565.7478000000001,
  "energy_cpu_J": 181.83195,
  "energy_gpu_J": 383.91585000000003,
  "completion_tokens": 250,
  "tokens_per_s": 33.12529763079922,
  "answer": "\n\nThe old abandoned house at the back of the street held a secret that no one had ever discovered. Its faded paint, peeling like sunburnt skin, and overgrown vines whispered tales of a forgotten past. The windows, dark and vacant, stared out at the world with a melancholic gaze. \n\nFor years, the children of Maple Street had dared each other to go near, their whispers echoing with a mix of fear and morbid curiosity. There were tales of the house, each one more fantastical than the last. Some said it was haunted by the ghost of a heartbroken woman, others claimed it was the site of a terrible crime. \n\nBut no one dared to venture close enough to understand the truth. They knew, instinctively, that it held a secret, a secret that would change their lives forever.\n\nThen, one day, a new arrival moved into the house. A girl named Lily. With a wild mane of red hair and eyes like pools of midnight, she seemed to absorb the secrets of the house like a sponge.\n\nLily was different. She wasn't scared of the old house. In fact, she seemed to welcome its secrets. She spent her days exploring its dusty rooms, unraveling the layers of history",
  "J_per_token": 2.2629912000000005
}