{
  "start_time": "2025-09-16T18:00:51.382265",
  "end_time": "2025-09-16T18:00:55.291562",
  "start_time_100ms": "2025-09-16T18:00:51.400000",
  "end_time_100ms": "2025-09-16T18:00:55.300000",
  "duration_s": 3.909297,
  "avg_total_power_W": 114.5614871794872,
  "energy_total_J": 438.1324000000001,
  "energy_cpu_J": 95.26305,
  "energy_gpu_J": 342.86934999999994,
  "completion_tokens": 250,
  "tokens_per_s": 63.95011686244355,
  "answer": "”. Tony’s answer is spot on and will resonate with many engineers and entrepreneurs: “I love the fact that I can be Iron Man and be a hero to the people of New York. I can save lives and make the world a better place. It’s really a privilege to be an engineer, but also a hero to the world”.\n\nTony’s response doesn’t just build trust with the customer, but also with the people in his organization. He demonstrates empathy for their feelings and inspires them to do their best work. In addition, he also demonstrates to customers that he is a team player, which is extremely important in today’s complex and crowded marketplace.\n\nThe next question is about the challenges of being Iron Man. Tony’s answer is straightforward and to-the-point: “The biggest challenge is being Iron Man and not losing your humanity. Iron Man is an iconic character and I want to maintain that integrity. It’s a challenge to balance being Iron Man with being a normal person and being an effective leader”.\n\nTony’s answer is spot on in terms of the challenges of balancing being Iron Man with being a normal person. Iron Man, as portrayed by Robert Downey",
  "J_per_token": 1.7525296000000004
}