{
  "start_time": "2025-09-16T18:03:15.119279",
  "end_time": "2025-09-16T18:03:22.653545",
  "start_time_100ms": "2025-09-16T18:03:15.100000",
  "end_time_100ms": "2025-09-16T18:03:22.700000",
  "duration_s": 7.534266,
  "avg_total_power_W": 79.30383561643835,
  "energy_total_J": 572.5692000000001,
  "energy_cpu_J": 184.88889999999995,
  "energy_gpu_J": 387.68029999999993,
  "completion_tokens": 250,
  "tokens_per_s": 33.181732633278415,
  "answer": "\n\n**Headline Focus:**\n\n* **Innovation:**  The latest breakthrough in bio-energy technology.\n* **Ethicality:** Balancing the benefits of bio-energy with its potential drawbacks.\n* **Comparison:** How does this new discovery compare to existing bio-energy methods?\n* **Specificity:**  This new bio-energy technology is a game-changer for...\n\n\n## Headline Options:\n\n**1.  Innovation: \"Unlocking Nature's Power: Scientists Develop Sustainable Bio-Energy From Algae\"** \n    *  **Focus:**  Innovation, Specificity, and Environmental Benefit\n    *  **Ethical Consideration:**  Algae is a generally sustainable source, but the article will likely address potential concerns like habitat disruption and algal blooms.\n\n\n**2.  Ethicality: \"The Green Promise: Balancing Bio-Energy's Benefits with its Environmental Impact\"**\n    *  **Focus:**  Ethicality, Comparison\n    *  **Ethical Consideration:**  Addresses the complex relationship between bio-energy and environmental sustainability.\n\n\n**3.  Comparison: \"Revolutionizing Bio-Energy: This New Technology Outperforms Existing Methods\"**\n    *  **Focus:**  Innovation, Comparison\n    *  ",
  "J_per_token": 2.2902768000000004
}