{
  "action": "gemma-2-2b-it-Q8_0",
  "dt": 0.1,
  "GPU": {
    "state_mean_W": [
      34.69570071714756,
      56.83269130388444,
      50.41825602963196
    ],
    "E_D_sec": [
      1.6823529411764708,
      4.763636363636364,
      2.980000000000001
    ],
    "n_mix": 2
  },
  "CPU": {
    "state_mean_W": [
      28.054184627303872,
      24.24969236117148
    ],
    "E_D_sec": [
      0.26846846846846856,
      0.8798165137614679
    ],
    "n_mix": 1
  },
  "expected_task_energy_J": 508.21403582849706
}