{
  "start_time": "2025-09-16T17:58:04.854683",
  "end_time": "2025-09-16T17:58:11.189892",
  "start_time_100ms": "2025-09-16T17:58:04.900000",
  "end_time_100ms": "2025-09-16T17:58:11.200000",
  "duration_s": 6.335209,
  "avg_total_power_W": 122.28704918032787,
  "energy_total_J": 737.3163,
  "energy_cpu_J": 153.61349999999996,
  "energy_gpu_J": 583.7028,
  "completion_tokens": 250,
  "tokens_per_s": 39.46199722850501,
  "answer": " (In the style of the poem by Dylan Thomas \"Do not go gentle into that good night\".)\nDo not go gentle into that night,  \nBut rage, rage against the dying of the light.  \nBut here, the proof is not of death, but of a truth:  \n√2 is irrational, a number not whole.  \nFor if it were rational, then some fraction  \nCould capture its essence, a ratio of two.  \nBut suppose that √2 = a/b, in lowest terms,  \nThen squaring both sides, 2 = a²/b².  \nSo 2b² = a². Thus, a² is even, so a is even.  \nThen a = 2k, so 2b² = 4k², hence b² = 2k².  \nThus, b² is even, so b is even.  \nBut then a and b are both even, contradicting their lowest terms.  \nSo √2 cannot be expressed as a fraction, hence it is irrational.  \nAnd so we rage, rage against the dying of the light,  \nFor in the realm of numbers, truth must not be light.  \n\nWait, but the poem is",
  "J_per_token": 2.9492651999999997
}