{
  "action": "gemma-2-2b-it-Q6_K",
  "dt": 0.1,
  "GPU": {
    "state_mean_W": [
      23.15359358198958,
      37.72145090668099,
      57.40775937196753
    ],
    "E_D_sec": [
      0.5666666666666668,
      0.5,
      5.977777777777778
    ],
    "n_mix": 2
  },
  "CPU": {
    "state_mean_W": [
      28.757123409745507,
      24.258983351668167
    ],
    "E_D_sec": [
      0.3086538461538462,
      0.9470000000000002
    ],
    "n_mix": 1
  },
  "expected_task_energy_J": 407.00117737433123
}