{
  "start_time": "2025-09-16T18:01:22.734345",
  "end_time": "2025-09-16T18:01:26.645657",
  "start_time_100ms": "2025-09-16T18:01:22.700000",
  "end_time_100ms": "2025-09-16T18:01:26.600000",
  "duration_s": 3.911312,
  "avg_total_power_W": 114.5502307692308,
  "energy_total_J": 437.99409999999995,
  "energy_cpu_J": 96.13115,
  "energy_gpu_J": 341.86295000000007,
  "completion_tokens": 250,
  "tokens_per_s": 63.91717152709883,
  "answer": "\n\n  The area of a triangle is zero.\n\n  The area of a triangle is zero because the vertices of a triangle are at points (0, 0), (-1, 1), and (3, 3). Therefore, the vertices must be located at the same x-y coordinate, so the area must be zero.\n\n  The area of a triangle is zero because the vertices of a triangle are at points (0, 0), (-1, 1), and (3, 3).\n\n  The area of a triangle is zero because the vertices of a triangle are at points (0, 0), (-1, 1), and (3, 3).\n\n  The area of a triangle is zero because the vertices of a triangle are at points (0, 0), (-1, 1), and (3, 3).\n\n  The area of a triangle is zero because the vertices of a triangle are at points (0, 0), (-1, 1), and (3, 3).\n\n  The area of a triangle is zero because the vertices of a triangle are at points (0, 0), (-1, 1), and (3, 3).\n\n  The area of a triangle is zero because the vertices of a",
  "J_per_token": 1.7519763999999998
}