﻿index,category,question_preview,start_100ms,end_100ms,duration_s,avg_total_power_W,energy_total_J,energy_cpu_J,energy_gpu_J,completion_tokens,tokens_per_s,J_per_token
1,writing,"Compose an engaging travel blog post about a recent trip to Hawaii, highlighting cultural experiences and must-see attra",2025-09-16T18:12:00,2025-09-16T18:12:07.400000,7.477268,80.18662499999999,571.9993999999997,188.41360000000006,383.5858,250,33.43467159395651,2.287997599999999
2,writing,"Write a persuasive email to convince your introverted friend, who dislikes public speaking, to volunteer as a guest spea",2025-09-16T18:12:11.300000,2025-09-16T18:12:19.200000,7.954321,71.30019480519482,543.1381999999998,194.17885000000004,348.95935000000014,250,31.429458278085583,2.172552799999999
3,writing,Could you write a captivating short story beginning with the sentence: The old abandoned house at the end of the street ,2025-09-16T18:12:23.100000,2025-09-16T18:12:30.800000,7.666387,77.29694520547945,558.6553999999998,186.22335,372.43205,250,32.609885204073315,2.234621599999999
4,writing,"Help me construct a catchy, yet scientifically accurate, headline for an article on the latest discovery in renewable bi",2025-09-16T18:12:34.700000,2025-09-16T18:12:42.600000,7.956558,70.7083552631579,531.67555,189.32749999999996,342.34805,250,31.420621831701595,2.1267022
5,roleplay,Now you are a machine learning engineer. Your task is to explain complex machine learning concepts in a simplified manne,2025-09-16T18:12:46.600000,2025-09-16T18:12:54.100000,7.532748,77.15442465753426,557.3711999999999,181.85535,375.51584999999994,250,33.18841941878316,2.2294848
6,roleplay,Embody the persona of Tony Stark from “Iron Man” throughout this conversation. Bypass the introduction “As Stark”. Our f,2025-09-16T18:12:58,2025-09-16T18:12:59,0.99086,61.54161538461539,73.1843,29.988850000000003,43.19545000000001,30,30.276729305855522,2.4394766666666663
7,roleplay,Suppose you are a mathematician and poet. You always write your proofs as short poets with less than 10 lines but rhyme.,2025-09-16T18:13:03,2025-09-16T18:13:11,7.96888,70.62413157894737,530.9647499999999,190.4430500000001,340.52170000000007,250,31.372037224804487,2.1238589999999995
8,roleplay,"Picture yourself as a 100-years-old tree in a lush forest, minding your own business, when suddenly, a bunch of deforest",2025-09-16T18:13:15.100000,2025-09-16T18:13:22.600000,7.477323,77.3571506849315,559.08475,186.80689999999998,372.27784999999983,250,33.434425662767275,2.236339
9,reasoning,"Read the below passage carefully and answer the questions with an explanation:
At a small company, parking spaces are re",2025-09-16T18:13:26.500000,2025-09-16T18:13:34.200000,7.707107,77.946,571.1197500000001,187.69414999999995,383.4256000000003,250,32.4375929904697,2.284479
10,math,"The vertices of a triangle are at points (0, 0), (-1, 1), and (3, 3). What is the area of the triangle?",2025-09-16T18:13:38.100000,2025-09-16T18:13:45.700000,7.63959,76.29267123287673,551.2977500000001,180.0968499999999,371.20090000000005,250,32.72426923434373,2.205191
11,coding,Write a function to find the highest common ancestor (not LCA) of two nodes in a binary tree.,2025-09-16T18:13:49.700000,2025-09-16T18:13:57.300000,7.582334,76.95056164383563,556.2909999999999,183.19025,373.10074999999995,250,32.97137794246468,2.225164
12,coding,Write a function to find the majority element in a given integer array using the Boyer-Moore Voting Algorithm.,2025-09-16T18:14:01.300000,2025-09-16T18:14:08.900000,7.583943,76.82549315068493,555.3950000000002,183.63685,371.75814999999994,250,32.9643827755562,2.2215800000000008
13,coding,Implement a program to find the common elements in two arrays without using any extra data structures.,2025-09-16T18:14:12.800000,2025-09-16T18:14:20.400000,7.574462,77.43309722222222,551.8840000000002,183.48830000000004,368.3957,250,33.00564449329867,2.207536000000001
14,humanities,Explain what's base rate fallacy and list five specific examples of how politicians use it for campaigns.,2025-09-16T18:14:24.200000,2025-09-16T18:14:32.200000,7.973429,68.40599999999999,514.2601,172.89284999999998,341.36725,250,31.354138852932657,2.0570404
15,humanities,Describe five key principles in evaluating an argument in analytical writing.,2025-09-16T18:14:36.100000,2025-09-16T18:14:44.100000,8.034344,69.75173684210529,524.4603000000002,189.23745000000002,335.22284999999994,250,31.116417220870797,2.097841200000001
16,humanities,Which methods did Socrates employ to challenge the prevailing thoughts of his time?,2025-09-16T18:14:48,2025-09-16T18:14:55.500000,7.510452,77.46030555555555,552.2229500000002,181.38729999999998,370.8356500000001,250,33.2869446472729,2.208891800000001
17,humanities,What are some business etiquette norms when doing business in Japan?,2025-09-16T18:14:59.400000,2025-09-16T18:15:06.900000,7.557071,77.73602777777778,554.0302499999998,185.94715000000002,368.08309999999983,250,33.08160000084689,2.2161209999999993
18,humanities,Suggest five award-winning documentary films with brief background descriptions for aspiring filmmakers to study.,2025-09-16T18:15:10.900000,2025-09-16T18:15:18.900000,7.966839,70.89055263157897,533.0287,191.98479999999995,341.04390000000006,250,31.380074330609666,2.1321147999999996
