{
  "start_time": "2025-09-16T18:11:59.958954",
  "end_time": "2025-09-16T18:12:07.436222",
  "start_time_100ms": "2025-09-16T18:12:00",
  "end_time_100ms": "2025-09-16T18:12:07.400000",
  "duration_s": 7.477268,
  "avg_total_power_W": 80.18662499999999,
  "energy_total_J": 571.9993999999997,
  "energy_cpu_J": 188.41360000000006,
  "energy_gpu_J": 383.5858,
  "completion_tokens": 250,
  "tokens_per_s": 33.43467159395651,
  "answer": "\n\n## Aloha from Paradise: Exploring Hawaii's Vibrant Culture and Natural Wonders\n\nHawaii, the land of sunshine, surfers, and breathtaking beauty, stole my heart. I recently returned from an unforgettable trip, where I immersed myself in the rich culture and diverse landscapes of this enchanting archipelago.  \n\n**A Feast for the Senses: Immersive Hawaiian Culture**\n\nBeyond the stunning beaches, Hawaii’s true magic lies in its vibrant culture.  I began my journey in **Oahu**, home to the iconic **Pearl Harbor**.  Walking through the historic sites was a humbling experience, reflecting on the sacrifices made and the resilience of the human spirit.  \n\nThen, it was off to **Kauai**, the \"Garden Isle,\" where lush rainforests, cascading waterfalls, and towering cliffs painted a picture of unparalleled natural wonder.  I hiked the **Waimea Canyon**, the \"Grand Canyon of the Pacific,\" and witnessed its breathtaking expanse firsthand.  But it wasn't just about the natural beauty; the locals welcomed me with open arms, sharing their stories and traditions through the language of hula, a graceful dance that captures the soul of Hawaii.\n\n**Beyond the Beaches: Unveiling the Hidden Gems**\n\nHawaii isn’t just",
  "J_per_token": 2.287997599999999
}