﻿index,category,question_preview,start_100ms,end_100ms,duration_s,avg_total_power_W,energy_total_J,energy_cpu_J,energy_gpu_J,completion_tokens,tokens_per_s,J_per_token
1,writing,"Compose an engaging travel blog post about a recent trip to Hawaii, highlighting cultural experiences and must-see attra",2025-09-16T18:00:12.700000,2025-09-16T18:00:16.500000,3.825249,120.0688947368421,446.8153,93.03674999999998,353.77855000000005,250,65.35522262733747,1.7872611999999999
2,writing,"Write a persuasive email to convince your introverted friend, who dislikes public speaking, to volunteer as a guest spea",2025-09-16T18:00:20.300000,2025-09-16T18:00:24.200000,3.940993,115.30430000000001,451.3385,99.26724999999999,352.07125000000013,250,63.435788898889186,1.8053540000000001
3,writing,Could you write a captivating short story beginning with the sentence: The old abandoned house at the end of the street ,2025-09-16T18:00:28,2025-09-16T18:00:31.900000,3.859577,116.05135897435899,443.6946500000002,95.78465000000001,347.91,250,64.77393766208058,1.7747786000000008
4,writing,"Help me construct a catchy, yet scientifically accurate, headline for an article on the latest discovery in renewable bi",2025-09-16T18:00:35.800000,2025-09-16T18:00:39.700000,3.894398,114.68371794871794,438.10365,95.17725000000003,342.92640000000006,250,64.1947741345389,1.7524146
5,roleplay,Now you are a machine learning engineer. Your task is to explain complex machine learning concepts in a simplified manne,2025-09-16T18:00:43.600000,2025-09-16T18:00:47.500000,3.94129,114.72545,450.3824999999998,92.05645000000001,358.32605,250,63.43100862915441,1.8015299999999992
6,roleplay,Embody the persona of Tony Stark from “Iron Man” throughout this conversation. Bypass the introduction “As Stark”. Our f,2025-09-16T18:00:51.400000,2025-09-16T18:00:55.300000,3.909297,114.5614871794872,438.1324000000001,95.26305,342.86934999999994,250,63.95011686244355,1.7525296000000004
7,roleplay,Suppose you are a mathematician and poet. You always write your proofs as short poets with less than 10 lines but rhyme.,2025-09-16T18:00:59.200000,2025-09-16T18:01:03.100000,3.924749,116.43676923076922,445.1254499999999,100.54635000000002,344.5791,250,63.698340963969926,1.7805017999999995
8,roleplay,"Picture yourself as a 100-years-old tree in a lush forest, minding your own business, when suddenly, a bunch of deforest",2025-09-16T18:01:07,2025-09-16T18:01:10.900000,3.89976,114.7636923076923,438.7394999999999,94.30545000000002,344.43405,250,64.10650911850985,1.7549579999999996
9,reasoning,"Read the below passage carefully and answer the questions with an explanation:
At a small company, parking spaces are re",2025-09-16T18:01:14.800000,2025-09-16T18:01:18.900000,4.034114,116.693275,457.28664999999995,95.78320000000001,361.50345,250,61.97147626467671,1.8291465999999998
10,math,"The vertices of a triangle are at points (0, 0), (-1, 1), and (3, 3). What is the area of the triangle?",2025-09-16T18:01:22.700000,2025-09-16T18:01:26.600000,3.911312,114.5502307692308,437.99409999999995,96.13115,341.86295000000007,250,63.91717152709883,1.7519763999999998
11,coding,Write a function to find the highest common ancestor (not LCA) of two nodes in a binary tree.,2025-09-16T18:01:30.600000,2025-09-16T18:01:34.600000,3.951978,113.26502500000001,444.81585000000007,88.35550000000002,356.46034999999995,250,63.259461464613416,1.7792634000000003
12,coding,Write a function to find the majority element in a given integer array using the Boyer-Moore Voting Algorithm.,2025-09-16T18:01:38.500000,2025-09-16T18:01:42.300000,3.822144,116.14542105263158,432.76695000000007,92.30539999999999,340.46155,250,65.40831533296495,1.7310678000000002
13,coding,Implement a program to find the common elements in two arrays without using any extra data structures.,2025-09-16T18:01:46.100000,2025-09-16T18:01:50,3.907577,115.33828205128205,441.09175,95.43055000000001,345.6612,250,63.978265815363336,1.764367
14,humanities,Explain what's base rate fallacy and list five specific examples of how politicians use it for campaigns.,2025-09-16T18:01:53.900000,2025-09-16T18:01:57.800000,3.917589,115.17610256410255,440.07169999999996,94.8454,345.2263,250,63.814759537052,1.7602867999999998
15,humanities,Describe five key principles in evaluating an argument in analytical writing.,2025-09-16T18:02:01.700000,2025-09-16T18:02:05.600000,3.91707,113.48525,444.89199999999994,96.93809999999999,347.95390000000003,250,63.82321480085881,1.7795679999999998
16,humanities,Which methods did Socrates employ to challenge the prevailing thoughts of his time?,2025-09-16T18:02:09.500000,2025-09-16T18:02:13.300000,3.841671,116.36739473684209,432.9163,91.76585,341.1504499999999,250,65.0758485044659,1.7316652
17,humanities,What are some business etiquette norms when doing business in Japan?,2025-09-16T18:02:17.200000,2025-09-16T18:02:21.100000,3.887275,116.02482051282051,443.6332500000001,96.15174999999998,347.4815,250,64.31240393334663,1.7745330000000004
18,humanities,Suggest five award-winning documentary films with brief background descriptions for aspiring filmmakers to study.,2025-09-16T18:02:24.900000,2025-09-16T18:02:28.800000,3.909916,116.00643589743588,443.6746,95.51094999999998,348.16365,250,63.93999257273046,1.7746984
