{
  "start_time": "2025-09-16T18:05:05.900309",
  "end_time": "2025-09-16T18:05:13.299190",
  "start_time_100ms": "2025-09-16T18:05:05.900000",
  "end_time_100ms": "2025-09-16T18:05:13.300000",
  "duration_s": 7.398881,
  "avg_total_power_W": 78.83044444444444,
  "energy_total_J": 561.9649500000002,
  "energy_cpu_J": 183.1234,
  "energy_gpu_J": 378.84155000000004,
  "completion_tokens": 250,
  "tokens_per_s": 33.78889321236549,
  "answer": "\n\n## Base Rate Fallacy in Politics\n\nThe base rate fallacy is a cognitive bias where individuals prioritize information that supports a conclusion they already have, and disregard information that contradicts it.  It often manifests in situations where a small amount of relevant information is presented, leading to an oversimplified understanding of the issue.\n\n**Examples of Base Rate Fallacy in Politics:**\n\n1. **Claim:** \"The economy is doing great under this president.\"\n    * **Base Rate:** The economy is currently experiencing [mention relevant economic indicators like low unemployment rates, GDP growth, etc.]\n    * **Fallacy:** Politicians ignore the base rate of economic indicators to focus on a single positive statistic, creating a misleading impression of a strong economy.\n\n2. **Claim:** \"This candidate is the best choice for the people.\"\n    * **Base Rate:** Candidate's past actions and policies are reviewed, including their track record on [mention relevant issues like education, healthcare, etc.].\n    * **Fallacy:**  Politicians might focus solely on a positive campaign slogan or personality without acknowledging the candidate's past performance on these issues.\n\n3. **Claim:** \"This new law is going to solve our problems.\"",
  "J_per_token": 2.2478598000000005
}