{
  "start_time": "2025-09-16T18:02:17.164151",
  "end_time": "2025-09-16T18:02:21.051426",
  "start_time_100ms": "2025-09-16T18:02:17.200000",
  "end_time_100ms": "2025-09-16T18:02:21.100000",
  "duration_s": 3.887275,
  "avg_total_power_W": 116.02482051282051,
  "energy_total_J": 443.6332500000001,
  "energy_cpu_J": 96.15174999999998,
  "energy_gpu_J": 347.4815,
  "completion_tokens": 250,
  "tokens_per_s": 64.31240393334663,
  "answer": "\n\nJapanese business etiquette is similar to that of the US and UK. Here are some common business etiquette norms:\n\n1. Respecting people’s time: In Japan, it is considered polite to schedule meetings during non-working hours, such as during lunch. In the US, it is considered polite to schedule a meeting during working hours, such as during regular business hours.\n\n2. Making appointments: In Japan, it is considered polite to make an appointment to meet someone. In the US, it is considered polite to schedule a meeting.\n\n3. Greeting people at the door: In Japan, it is considered polite to greet people at the door. In the US, it is considered polite to greet people first, and then let them enter.\n\n4. Offering a chair: In Japan, it is considered polite to offer a chair. In the US, it is considered polite to offer a chair if one is not going to be sitting.\n\n5. Offering a drink: In Japan, it is considered polite to offer a drink, such as a beer or wine. In the US, it is considered polite to offer water or coffee.\n\n6",
  "J_per_token": 1.7745330000000004
}