{
  "start_time": "2025-09-16T18:06:55.326847",
  "end_time": "2025-09-16T18:07:02.086627",
  "start_time_100ms": "2025-09-16T18:06:55.300000",
  "end_time_100ms": "2025-09-16T18:07:02.100000",
  "duration_s": 6.75978,
  "avg_total_power_W": 121.18966153846154,
  "energy_total_J": 779.1006500000001,
  "energy_cpu_J": 159.53369999999995,
  "energy_gpu_J": 619.5669500000002,
  "completion_tokens": 250,
  "tokens_per_s": 36.983452124181554,
  "answer": " \n\nLet's break this down. First, I need to explain what a language model is in simple terms. I should avoid jargon and use everyday examples. Then, I need to address the second part: whether it's trained on labeled or unlabeled data. \n\nTo explain a language model, maybe start with the idea that it's like a teacher who has learned a lot of text and can now answer questions or write in a way that sounds natural. Use an example like a child learning to speak by listening to adults, so the model learns patterns from a lot of text.\n\nFor the second part, I need to clarify that language models are typically trained on unlabeled data. They don't need explicit labels like \"this is a question\" or \"this is a statement.\" Instead, they learn from the structure and patterns in the text itself. Maybe compare it to a teacher who doesn't give grades but just observes how students speak and writes, then uses that to improve.\n\nNow, I need to put this into a concise and clear explanation that's easy to understand. Avoid technical terms, use analogies, and make sure the answer is accurate. Also, ensure that the explanation builds trust by showing that the model is reliable and safe,",
  "J_per_token": 3.1164026000000002
}