﻿index,category,question_preview,start_100ms,end_100ms,duration_s,avg_total_power_W,energy_total_J,energy_cpu_J,energy_gpu_J,completion_tokens,tokens_per_s,J_per_token,error
1,writing,"Compose an engaging travel blog post about a recent trip to Hawaii, highlighting cultural experiences and must-see attra",2025-09-14T01:15:37,2025-09-14T01:15:44.600000,7.533553,76.56558,377.19905,126.5377,250.66135,250,33.18487306,1.5087962,
4,writing,"Write a persuasive email to convince your introverted friend, who dislikes public speaking, to volunteer as a guest spea",2025-09-14T01:16:13.300000,2025-09-14T01:16:20.600000,7.297282,79.85225714,553.0895,179.40235,373.68715,250,34.25933108,2.212358,
7,writing,Could you write a captivating short story beginning with the sentence: The old abandoned house at the end of the street ,2025-09-14T01:16:42,2025-09-14T01:16:49.300000,7.268337,79.94801408,562.1368,173.16245,388.97435,250,34.39576343,2.2485472,
9,writing,"Help me construct a catchy, yet scientifically accurate, headline for an article on the latest discovery in renewable bi",2025-09-14T01:17:03.700000,2025-09-14T01:17:10.900000,7.221514,84.30737143,584.0585,179.45315,404.60535,250,34.61877939,2.336234,
16,roleplay,Now you are a machine learning engineer. Your task is to explain complex machine learning concepts in a simplified manne,2025-09-14T01:18:06.200000,2025-09-14T01:18:13.500000,7.270391,79.89884286,553.7399,166.576,387.1639,250,34.38604609,2.2149596,
18,roleplay,Embody the persona of Tony Stark from “Iron Man” throughout this conversation. Bypass the introduction “As Stark”. Our f,2025-09-14T01:18:29.700000,2025-09-14T01:18:37.100000,7.402341,78.41945833,558.54345,180.09705,378.4464,250,33.77309962,2.2341738,
19,roleplay,Suppose you are a mathematician and poet. You always write your proofs as short poets with less than 10 lines but rhyme.,2025-09-14T01:18:41,2025-09-14T01:18:48.100000,7.190421,81.53694286,565.1521,174.40885,390.74325,250,34.76847879,2.2606084,
20,roleplay,"Picture yourself as a 100-years-old tree in a lush forest, minding your own business, when suddenly, a bunch of deforest",2025-09-14T01:18:51.800000,2025-09-14T01:18:59,7.209991,82.01717391,559.86635,174.4392,385.42715,250,34.67410708,2.2394654,
25,reasoning,"Read the below passage carefully and answer the questions with an explanation:
At a small company, parking spaces are re",2025-09-14T01:19:44.500000,2025-09-14T01:19:51.900000,7.345582,80.52088571,557.52375,158.28395,399.2398,250,34.03406292,2.230095,
31,math,"The vertices of a triangle are at points (0, 0), (-1, 1), and (3, 3). What is the area of the triangle?",2025-09-14T01:20:35.700000,2025-09-14T01:20:43.200000,7.560179,76.41126027,552.2828,177.09955,375.18325,250,33.06800011,2.2091312,
45,coding,Write a function to find the highest common ancestor (not LCA) of two nodes in a binary tree.,2025-09-14T01:23:13,2025-09-14T01:23:20.400000,7.388707,76.75869444,546.47925,173.7461,372.73315,250,33.83541938,2.185917,
47,coding,Write a function to find the majority element in a given integer array using the Boyer-Moore Voting Algorithm.,2025-09-14T01:23:36.800000,2025-09-14T01:23:44.200000,7.399296,76.87941667,547.34335,172.0338,375.30955,250,33.78699811,2.1893734,
50,coding,Implement a program to find the common elements in two arrays without using any extra data structures.,2025-09-14T01:24:12.900000,2025-09-14T01:24:20.300000,7.477523,76.1491831,534.4585,168.61045,365.84805,250,33.4335314,2.137834,
58,extraction,"Analyze the following customer reviews from different sources for three different smartphones - the latest iPhone, Samsu",2025-09-14T01:25:22.800000,2025-09-14T01:25:30.300000,7.457887,84.6418169,595.4985,170.2572,425.2413,250,33.52155912,2.381994,
59,extraction,"Given a set of complex equations, extract all unique variable names from each equation. Return the results as a JSON str",2025-09-14T01:25:33.900000,2025-09-14T01:25:41.500000,7.608461,76.53745833,544.96855,172.4435,372.52505,250,32.8581562,2.1798742,
60,extraction,"Given the following records of stock prices, extract the highest and lowest closing prices for each month in the year 20",2025-09-14T01:25:45.300000,2025-09-14T01:25:52.900000,7.611557,81.95980822,592.74535,181.04755,411.6978,250,32.84479115,2.3709814,
61,stem,"In the field of quantum physics, what is superposition, and how does it relate to the phenomenon of quantum entanglement",2025-09-14T01:25:56.600000,2025-09-14T01:26:04.100000,7.551043,75.493,537.99475,163.19205,374.8027,250,33.10800905,2.151979,
62,stem,Consider a satellite that is in a circular orbit around the Earth. The speed of the satellite decreases. What will happe,2025-09-14T01:26:07.700000,2025-09-14T01:26:15.200000,7.510482,76.51878873,537.16765,169.94865,367.219,250,33.28681169,2.1486706,
63,stem,"Photosynthesis is a vital process for life on Earth. Could you outline the two main stages of photosynthesis, including ",2025-09-14T01:26:18.900000,2025-09-14T01:26:26.500000,7.605766,77.41458333,551.722,177.80725,373.91475,250,32.86979904,2.206888,
64,stem,What is the central dogma of molecular biology? What processes are involved? Who named this?,2025-09-14T01:26:30.300000,2025-09-14T01:26:37.800000,7.511547,77.40566197,544.0285,172.9438,371.0847,250,33.28209222,2.176114,
65,stem,Describe the process and write out the balanced chemical equation for the reaction that occurs when solid calcium carbon,2025-09-14T01:26:41.600000,2025-09-14T01:26:49.100000,7.559188,76.80351389,546.89375,174.7437,372.15005,250,33.07233528,2.187575,
66,stem,"Please explain the differences between exothermic and endothermic reactions, and include the criteria you used to distin",2025-09-14T01:26:52.800000,2025-09-14T01:27:00.300000,7.48597,77.41640278,551.782,175.1309,376.6511,250,33.39580575,2.207128,
68,stem,You have been tasked with designing a solar-powered water heating system for a residential building. Describe the key co,2025-09-14T01:27:16.600000,2025-09-14T01:27:23.800000,7.156607,82.60362857,572.75715,170.43295,402.3242,250,34.93275515,2.2910286,
69,stem,"Please describe the concept of machine learning. Could you elaborate on the differences between supervised, unsupervised",2025-09-14T01:27:27.800000,2025-09-14T01:27:35.200000,7.407065,76.28533333,543.6253,170.95595,372.66935,250,33.75156017,2.1745012,
70,stem,How have the Alps and Rhine River influenced settlement and agriculture in Western Europe? List three impacts.,2025-09-14T01:27:39,2025-09-14T01:27:46.400000,7.410769,76.87484507,540.09985,169.3262,370.77365,250,33.73469069,2.1603994,
71,humanities,"Provide insights into the correlation between economic indicators such as GDP, inflation, and unemployment rates. Explai",2025-09-14T01:27:50,2025-09-14T01:27:57.500000,7.476907,77.96749296,547.9559,174.70395,373.25195,250,33.43628589,2.1918236,
74,humanities,"Create a lesson plan that integrates drama, mime or theater techniques into a history class. Duration: 3 class periods (",2025-09-14T01:28:26.100000,2025-09-14T01:28:33.600000,7.503716,76.44457746,536.68435,173.05645,363.6279,250,33.31682596,2.1467374,
75,humanities,Share ideas for adapting art masterpieces into interactive experiences for children. List 5 specific artworks and associ,2025-09-14T01:28:37.400000,2025-09-14T01:28:44.900000,7.4878,76.51974648,537.15345,168.65765,368.4958,250,33.3876439,2.1486138,
76,humanities,Explain what's base rate fallacy and list five specific examples of how politicians use it for campaigns.,2025-09-14T01:28:48.800000,2025-09-14T01:28:56.300000,7.465794,76.95063014,556.0034,179.9407,376.0627,250,33.48605654,2.2240136,
77,humanities,Describe five key principles in evaluating an argument in analytical writing.,2025-09-14T01:29:00,2025-09-14T01:29:07.500000,7.469558,77.22185915,542.67585,171.1906,371.48525,250,33.46918251,2.1707034,
78,humanities,Which methods did Socrates employ to challenge the prevailing thoughts of his time?,2025-09-14T01:29:11.300000,2025-09-14T01:29:18.700000,7.412012,76.84839437,539.88085,170.0295,369.85135,250,33.72903336,2.1595234,
79,humanities,What are some business etiquette norms when doing business in Japan?,2025-09-14T01:29:22.600000,2025-09-14T01:29:30.100000,7.500551,76.46779452,552.2353,174.7937,377.4416,250,33.33088462,2.2089412,
80,humanities,Suggest five award-winning documentary films with brief background descriptions for aspiring filmmakers to study.,2025-09-14T01:29:33.800000,2025-09-14T01:29:41.300000,7.521676,78.22323944,549.78505,178.19685,371.5882,250,33.23727318,2.1991402,
