{
  "start_time": "2025-09-16T17:59:15.918990",
  "end_time": "2025-09-16T17:59:22.285173",
  "start_time_100ms": "2025-09-16T17:59:15.900000",
  "end_time_100ms": "2025-09-16T17:59:22.300000",
  "duration_s": 6.366183,
  "avg_total_power_W": 123.27498387096772,
  "energy_total_J": 755.9532499999998,
  "energy_cpu_J": 156.7041,
  "energy_gpu_J": 599.2491500000001,
  "completion_tokens": 250,
  "tokens_per_s": 39.26999899311723,
  "answer": " Also, mention the consequences of this fallacy in the political context. Base rate fallacy is a cognitive bias where individuals place too much weight on specific information (like individual cases) and not enough on the base rate (the general probability). In political campaigns, this can lead to decisions based on isolated instances rather than broader trends or statistics. Here are five examples of how politicians might use this fallacy:\n\n1. **Election Promises Based on Personal Stories**: A politician might campaign on a promise to help a single family in need, ignoring the broader economic data that shows the issue is widespread. For example, a candidate might emphasize a story about a single family struggling with housing costs, while the actual statistics show that housing costs have risen across the country, not just in one area.\n\n2. **Ignoring General Trends for Favorable Outcomes**: A candidate might claim that their policies will solve a problem based on a single successful case, rather than acknowledging that the problem is systemic. For instance, a politician might highlight a local success story in reducing crime, while ignoring the fact that crime rates have risen in most other areas.\n\n3. **Misrepresenting Polls or Surveys**: Politicians might use a small, cherry-picked sample of",
  "J_per_token": 3.023812999999999
}