{
  "start_time": "2025-09-16T18:11:19.472488",
  "end_time": "2025-09-16T18:11:23.641052",
  "start_time_100ms": "2025-09-16T18:11:19.500000",
  "end_time_100ms": "2025-09-16T18:11:23.600000",
  "duration_s": 4.168564,
  "avg_total_power_W": 114.74353658536585,
  "energy_total_J": 461.6742500000001,
  "energy_cpu_J": 98.65350000000004,
  "energy_gpu_J": 363.0207500000001,
  "completion_tokens": 250,
  "tokens_per_s": 59.97269083550115,
  "answer": "\n1. The first principle in evaluating an argument is to identify the claim that the argument is addressing.  This is an important step because it will guide you in your analysis of the argument.  The claim that an argument is addressing is a central idea that is being advanced by the person making that argument.  You can usually determine what a claim is by reading the surrounding text.  For example, if the text includes \"many\" or \"a great many\" in reference to something then that is a good indication of what the author is referring to.  If the text does not include a word or phrase that identifies a specific number then you can usually use your best estimation of what the author is trying to convey based on the context.\n2. The second principle in evaluating an argument is to determine the supporting evidence for the claim.  This is where you look at the evidence that is presented to see if it is sufficient to support the claim.  Evidence is anything that is presented to support a specific claim.  Evidence can be a direct quote from a source or it can be a reference to another source.  Evidence can also be your own understanding of the claim or your own interpretation of the surrounding text.  Evidence should be sufficient",
  "J_per_token": 1.8466970000000003
}