{
  "start_time": "2025-09-16T17:58:25.080620",
  "end_time": "2025-09-16T17:58:31.607731",
  "start_time_100ms": "2025-09-16T17:58:25.100000",
  "end_time_100ms": "2025-09-16T17:58:31.600000",
  "duration_s": 6.527111,
  "avg_total_power_W": 123.18299999999999,
  "energy_total_J": 779.46945,
  "energy_cpu_J": 158.89074999999994,
  "energy_gpu_J": 620.5786999999999,
  "completion_tokens": 250,
  "tokens_per_s": 38.30178466399607,
  "answer": " \nA. Alice\nB. Bert\nC. D. David\nD. Enid\nE. Cheryl\nLet me try to work this out. Okay, let's start by listing all the information given. There are five parking spaces, each assigned to one of the five executives: CEO, president, vice president, secretary, and treasurer. The cars are yellow, green, purple, red, and blue, each assigned to one of the executives. The order of the parking spaces is CEO, president, vice president, secretary, treasurer. Wait, no, the passage says the spaces are lined up in the order of the executives: CEO, president, vice president, secretary, treasurer. So the first space is CEO's car, second is president's, third is vice president, fourth is secretary, fifth is treasurer. So the positions are 1: CEO, 2: President, 3: VP, 4: Secretary, 5: Treasurer.\n\nNow, the clues:\n\n1. The car in the first space is red.\n\nSo position 1: red.\n\n2. A blue car is parked between the red car and the green car.\n\nSo red is in position 1. Then blue must be between red",
  "J_per_token": 3.1178778
}