{
  "start_time": "2025-09-16T17:59:46.269323",
  "end_time": "2025-09-16T17:59:52.541725",
  "start_time_100ms": "2025-09-16T17:59:46.300000",
  "end_time_100ms": "2025-09-16T17:59:52.500000",
  "duration_s": 6.272402,
  "avg_total_power_W": 123.59303278688526,
  "energy_total_J": 745.28405,
  "energy_cpu_J": 151.73179999999996,
  "energy_gpu_J": 593.55225,
  "completion_tokens": 250,
  "tokens_per_s": 39.85713925861257,
  "answer": " Additionally, what are the key elements of the Japanese business culture, and how do they influence business practices? Could you also explain the concept of \"wa\" in Japanese culture and its significance? Lastly, what are the key differences between Japanese and Western business practices, and how do these differences affect business outcomes?\n\nWhen doing business in Japan, several etiquette norms are crucial. First, **formal greetings** are essential, such as bowing and using proper titles. **Respect for hierarchy** is paramount; seniority is highly valued, and decisions often come from the top. **Punctuality** is critical, as being late is considered disrespectful. **Gift-giving** is common, but it should be done carefully—avoiding anything that could be seen as a bribe or inappropriate. **Business meals** are important for building relationships, and it's customary to eat with the right hand. **Silence during meetings** is often preferred, as it shows respect and allows the speaker to continue.\n\nThe **key elements of Japanese business culture** include **respect for hierarchy**, **group harmony (wa)**, **long-term relationships**, and **formality in communication**. These elements influence practices like **consensus decision-making**, where everyone agrees",
  "J_per_token": 2.9811362
}