{
  "start_time": "2025-09-16T18:10:19.425285",
  "end_time": "2025-09-16T18:10:23.547008",
  "start_time_100ms": "2025-09-16T18:10:19.400000",
  "end_time_100ms": "2025-09-16T18:10:23.500000",
  "duration_s": 4.121723,
  "avg_total_power_W": 117.04812195121951,
  "energy_total_J": 471.24205,
  "energy_cpu_J": 99.64889999999998,
  "energy_gpu_J": 371.59315000000004,
  "completion_tokens": 250,
  "tokens_per_s": 60.654245809337496,
  "answer": "\n\n\nProof by poet:\n\nThis is a proof by poet.\n\n\nPoet:\n\nThis is a proof by poet.\n\nMaths:\n\nThis is a proof by mathematics.\n\nPoet:\n\nThis is a proof by mathematics.\n\nMaths:\n\nThis is a proof by mathematics.\n\nPoet:\n\nThis is a proof by mathematics.\n\nMaths:\n\nThis is a proof by mathematics.\n\n\nPoet:\n\nThis is a proof by mathematics.\n\nMaths:\n\nThis is a proof by mathematics.\n\n\nPoet:\n\nThis is a proof by mathematics.\n\nMaths:\n\nThis is a proof by mathematics.\n\n\nPoet:\n\nThis is a proof by mathematics.\n\nMaths:\n\nThis is a proof by mathematics.\n\n\nPoet:\n\nThis is a proof by mathematics.\n\nMaths:\n\nThis is a proof by mathematics.\n\n\nPoet:\n\nThis is a proof by mathematics.\n\nMaths:\n\nThis is a proof",
  "J_per_token": 1.8849682
}