{
  "action": "dolly-v2-3b-Q8_0",
  "dt": 0.1,
  "GPU": {
    "state_mean_W": [
      28.685428394547927,
      113.47232788584941,
      81.977915872593
    ],
    "E_D_sec": [
      0.7941176470588236,
      2.4411764705882355,
      0.8176470588235295
    ],
    "n_mix": 2
  },
  "CPU": {
    "state_mean_W": [
      26.653591713630526,
      23.710344989859486
    ],
    "E_D_sec": [
      0.275,
      0.7220588235294116
    ],
    "n_mix": 1
  },
  "expected_task_energy_J": 391.26458513117285
}