{
  "start_time": "2025-09-16T17:57:02.110880",
  "end_time": "2025-09-16T17:57:08.446352",
  "start_time_100ms": "2025-09-16T17:57:02.100000",
  "end_time_100ms": "2025-09-16T17:57:08.400000",
  "duration_s": 6.335472,
  "avg_total_power_W": 130.9162741935484,
  "energy_total_J": 802.7754500000001,
  "energy_cpu_J": 212.37650000000005,
  "energy_gpu_J": 590.3989499999999,
  "completion_tokens": 250,
  "tokens_per_s": 39.46035907032657,
  "answer": " The post should be written in a casual, conversational tone, and include personal anecdotes and reflections. The target audience is adventurous travelers who are looking for both authentic experiences and exciting activities. The post should be around 500-700 words long and include at least two photos (described in text only). The post should be written in English, and the title should be catchy and relevant to the content.\nTitle: \"Hawaii: A Journey Through Culture, Nature, and Adventure\"\n\nIntroduction: Start with a vivid description of the first impression you had upon arriving in Hawaii, using sensory details (sights, sounds, smells) to set the tone. Mention the feeling of being in a place that feels both familiar and completely foreign.\n\nBody Paragraph 1: Describe your first few days in Hawaii, focusing on cultural experiences. Include a visit to a local market or a cultural center where you learned about Hawaiian traditions, language, and history. Share a personal anecdote about interacting with locals or participating in a traditional activity. Mention the significance of the Hawaiian language and the importance of preserving it.\n\nBody Paragraph 2: Discuss the natural beauty and outdoor activities in Hawaii. Describe a specific activity you participated in, such as snorkeling,",
  "J_per_token": 3.2111018000000002
}