{
  "start_time": "2025-09-16T18:04:54.574440",
  "end_time": "2025-09-16T18:05:02.042682",
  "start_time_100ms": "2025-09-16T18:04:54.600000",
  "end_time_100ms": "2025-09-16T18:05:02",
  "duration_s": 7.468242,
  "avg_total_power_W": 78.692375,
  "energy_total_J": 561.0228,
  "energy_cpu_J": 183.80649999999997,
  "energy_gpu_J": 377.21629999999993,
  "completion_tokens": 250,
  "tokens_per_s": 33.47508021298721,
  "answer": "\n\n**Input:**\n\n* Array 1: 1, 2, 3, 4, 5\n* Array 2: 3, 5, 6, 7, 8\n\n**Output:**\n\n* Common elements: 3, 5\n\n**Explanation:**\n\nThe program will iterate through the first array and for each element, check if it exists in the second array. If it does, print the element.\n\n**Code:**\n\n```python\ndef find_common_elements(arr1, arr2):\n  common_elements = []\n  for element in arr1:\n    if element in arr2:\n      common_elements.append(element)\n  return common_elements\n\n# Example usage\narr1 = [1, 2, 3, 4, 5]\narr2 = [3, 5, 6, 7, 8]\n\ncommon_elements = find_common_elements(arr1, arr2)\nprint(\"Common elements:\", common_elements)\n\n```\n\n**Explanation:**\n\n* The `find_common_elements` function takes two arrays as input.\n* It initializes an",
  "J_per_token": 2.2440911999999997
}