{
  "start_time": "2025-09-16T18:14:12.785036",
  "end_time": "2025-09-16T18:14:20.359498",
  "start_time_100ms": "2025-09-16T18:14:12.800000",
  "end_time_100ms": "2025-09-16T18:14:20.400000",
  "duration_s": 7.574462,
  "avg_total_power_W": 77.43309722222222,
  "energy_total_J": 551.8840000000002,
  "energy_cpu_J": 183.48830000000004,
  "energy_gpu_J": 368.3957,
  "completion_tokens": 250,
  "tokens_per_s": 33.00564449329867,
  "answer": "\n\n**Input:**\n\n* Array 1: 1, 2, 3, 4, 5\n* Array 2: 3, 4, 5, 6, 7\n\n**Output:**\n\n* Common elements: 3, 4, 5\n\n**Explanation:**\n\nThe program iterates through the first array and checks if each element is present in the second array. If it is, the element is added to a list of common elements. The process is repeated for the second array, and the lists of common elements are compared.  \n\n**Code:**\n\n```python\ndef find_common_elements(arr1, arr2):\n    common_elements = []\n    for element in arr1:\n        if element in arr2:\n            common_elements.append(element)\n    return common_elements\n\n# Example usage\narray1 = [1, 2, 3, 4, 5]\narray2 = [3, 4, 5, 6, 7]\n\ncommon_elements = find_common_elements(array1, array2)\nprint(\"Common elements:\", common_elements) ",
  "J_per_token": 2.207536000000001
}