{
  "start_time": "2025-09-16T18:10:49.984357",
  "end_time": "2025-09-16T18:10:54.097902",
  "start_time_100ms": "2025-09-16T18:10:50",
  "end_time_100ms": "2025-09-16T18:10:54.100000",
  "duration_s": 4.113545,
  "avg_total_power_W": 115.81565853658536,
  "energy_total_J": 466.08189999999996,
  "energy_cpu_J": 100.12895,
  "energy_gpu_J": 365.9529500000001,
  "completion_tokens": 250,
  "tokens_per_s": 60.7748304686104,
  "answer": "\n\ndef fca(node1, node2):\n    if not node1:\n        return node2\n\n    if not node2:\n        return node1\n\n    if node1.left:\n        fca(node1.left, node2)\n\n    if node2.right:\n        fca(node1, fca(node2.right, node2))\n\n    return node1\n\nif __name__ == '__main__':\n    node1 = BinaryTreeNode(None, None, None, None, None)\n    node2 = BinaryTreeNode(None, None, None, None, None)\n\n    print(fca(node1, node2))\n\nA:\n\nFirst of all, fca function doesn't return anything, so you are returning the same node as the first argument every time, so you are just printing the last node.\nSecondly, I think you are looking for inorder traversal. So inorder_max_node is what you are looking for.\ndef inorder_max_node(root):\n  if not root:\n    return\n\n  inorder_max_node",
  "J_per_token": 1.8643275999999998
}