{
  "start_time": "2025-09-16T18:10:35.527725",
  "end_time": "2025-09-16T18:10:40.020911",
  "start_time_100ms": "2025-09-16T18:10:35.500000",
  "end_time_100ms": "2025-09-16T18:10:40",
  "duration_s": 4.493186,
  "avg_total_power_W": 115.78290909090911,
  "energy_total_J": 500.8956499999999,
  "energy_cpu_J": 102.43590000000002,
  "energy_gpu_J": 398.4597500000001,
  "completion_tokens": 250,
  "tokens_per_s": 55.63980658712994,
  "answer": "\nSecretary: Cheryl.\nSecretary: Cheryl is the name of the secretary.\nSecretary: The car in the first space is red.\nSecretary: The car in the last space is purple.\nSecretary: The CEO's car is parked next to David's.\nSecretary: Alice's car is parked next to David's.\nSecretary: Enid's car is parked in the last space.\nSecretary: Bert's car is parked between Cheryl's and Enid's.\nSecretary: David's car is parked in the last space.\nSecretary: Cheryl is the name of the secretary.\nSecretary: Cheryl is the name of the secretary.\nSecretary: The car in the first space is red.\nSecretary: The car in the last space is purple.\nSecretary: The CEO's car is parked next to David's.\nSecretary: Alice's car is parked next to David's.\nSecretary: Enid's car is parked in the last space.\nSecretary: Bert's car is parked between Cheryl's and Enid's.\nSecretary: David's car is parked in the last space.",
  "J_per_token": 2.0035825999999997
}