{
  "start_time": "2025-09-16T17:59:36.289934",
  "end_time": "2025-09-16T17:59:42.533374",
  "start_time_100ms": "2025-09-16T17:59:36.300000",
  "end_time_100ms": "2025-09-16T17:59:42.500000",
  "duration_s": 6.24344,
  "avg_total_power_W": 124.13563333333335,
  "energy_total_J": 735.593,
  "energy_cpu_J": 147.4971,
  "energy_gpu_J": 588.0959,
  "completion_tokens": 250,
  "tokens_per_s": 40.0420281127071,
  "answer": " Socrates, the ancient Greek philosopher, challenged the prevailing thoughts of his time through a method known as the Socratic method. This method involves a series of questions and answers designed to stimulate critical thinking and illuminate ideas. The Socratic method is characterized by the following features:\n\n1. **Questioning**: Socrates would ask probing questions to expose contradictions in people's beliefs. He would challenge his interlocutors to justify their views, leading them to a deeper understanding of the subject.\n\n2. **Dialectic**: This is a form of structured dialogue where Socrates and his interlocutors engage in a back-and-forth exchange of ideas. The goal is to reach a conclusion that is logically consistent and free from contradictions.\n\n3. **Elenchus**: This is a specific form of dialectic in which Socrates would use a series of questions to lead his interlocutor to a conclusion, often through a process of elimination and contradiction.\n\n4. **Irony**: Socrates would often pretend to be ignorant or unwise, which would make his interlocutors more receptive to his questions and more likely to engage in a dialogue.\n\n5. **Mimicry**: This is a form of irony in which Socrates would imitate",
  "J_per_token": 2.9423719999999998
}