﻿index,category,question_preview,start_100ms,end_100ms,duration_s,avg_total_power_W,energy_total_J,energy_cpu_J,energy_gpu_J,completion_tokens,tokens_per_s,J_per_token
1,writing,"Compose an engaging travel blog post about a recent trip to Hawaii, highlighting cultural experiences and must-see attra",2025-09-16T18:09:31.500000,2025-09-16T18:09:35.600000,4.094861,116.88490476190475,481.3955,103.53585000000001,377.85965,250,61.05213339353888,1.9255820000000001
2,writing,"Write a persuasive email to convince your introverted friend, who dislikes public speaking, to volunteer as a guest spea",2025-09-16T18:09:39.400000,2025-09-16T18:09:43.500000,4.127186,116.40617073170732,468.27585,100.00835,368.2675,250,60.57396007836817,1.8731034
3,writing,Could you write a captivating short story beginning with the sentence: The old abandoned house at the end of the street ,2025-09-16T18:09:47.400000,2025-09-16T18:09:51.500000,4.173368,115.55992682926828,464.7818999999999,98.46969999999997,366.31219999999996,250,59.90365575238033,1.8591275999999997
4,writing,"Help me construct a catchy, yet scientifically accurate, headline for an article on the latest discovery in renewable bi",2025-09-16T18:09:55.400000,2025-09-16T18:09:59.500000,4.172415,115.22147619047618,475.12565,101.24889999999998,373.8767500000002,250,59.91733804043941,1.9005026
5,roleplay,Now you are a machine learning engineer. Your task is to explain complex machine learning concepts in a simplified manne,2025-09-16T18:10:03.400000,2025-09-16T18:10:07.600000,4.218719,116.10495238095238,478.5854000000001,99.97725000000003,378.60814999999997,250,59.25969470827519,1.9143416000000004
6,roleplay,Embody the persona of Tony Stark from “Iron Man” throughout this conversation. Bypass the introduction “As Stark”. Our f,2025-09-16T18:10:11.300000,2025-09-16T18:10:15.500000,4.221519,115.21163414634145,463.51765,99.59195000000003,363.9257000000001,250,59.22038962752507,1.8540706
7,roleplay,Suppose you are a mathematician and poet. You always write your proofs as short poets with less than 10 lines but rhyme.,2025-09-16T18:10:19.400000,2025-09-16T18:10:23.500000,4.121723,117.04812195121951,471.24205,99.64889999999998,371.59315000000004,250,60.654245809337496,1.8849682
8,roleplay,"Picture yourself as a 100-years-old tree in a lush forest, minding your own business, when suddenly, a bunch of deforest",2025-09-16T18:10:27.400000,2025-09-16T18:10:31.600000,4.174929,116.58309756097562,469.2082999999999,98.67590000000001,370.53240000000005,250,59.88125786091213,1.8768331999999996
9,reasoning,"Read the below passage carefully and answer the questions with an explanation:
At a small company, parking spaces are re",2025-09-16T18:10:35.500000,2025-09-16T18:10:40,4.493186,115.78290909090911,500.8956499999999,102.43590000000002,398.4597500000001,250,55.63980658712994,2.0035825999999997
10,math,"The vertices of a triangle are at points (0, 0), (-1, 1), and (3, 3). What is the area of the triangle?",2025-09-16T18:10:43.800000,2025-09-16T18:10:46.100000,2.297044,101.61864000000001,245.3006,59.95410000000001,185.3465,138,60.07721227804082,1.777540579710145
11,coding,Write a function to find the highest common ancestor (not LCA) of two nodes in a binary tree.,2025-09-16T18:10:50,2025-09-16T18:10:54.100000,4.113545,115.81565853658536,466.08189999999996,100.12895,365.9529500000001,250,60.7748304686104,1.8643275999999998
12,coding,Write a function to find the majority element in a given integer array using the Boyer-Moore Voting Algorithm.,2025-09-16T18:10:57.900000,2025-09-16T18:11:02.100000,4.172393,116.30133333333333,479.6952500000001,104.36305000000002,375.3322000000001,250,59.917653969796234,1.9187810000000005
13,coding,Implement a program to find the common elements in two arrays without using any extra data structures.,2025-09-16T18:11:06,2025-09-16T18:11:07.500000,1.531586,87.8045882352941,140.67015,41.09825,99.5719,88,57.45678009592671,1.598524431818182
14,humanities,Explain what's base rate fallacy and list five specific examples of how politicians use it for campaigns.,2025-09-16T18:11:11.400000,2025-09-16T18:11:15.500000,4.104267,117.10843902439024,471.32770000000005,100.9954,370.33230000000003,250,60.912216481042776,1.8853108000000003
15,humanities,Describe five key principles in evaluating an argument in analytical writing.,2025-09-16T18:11:19.500000,2025-09-16T18:11:23.600000,4.168564,114.74353658536585,461.6742500000001,98.65350000000004,363.0207500000001,250,59.97269083550115,1.8466970000000003
16,humanities,Which methods did Socrates employ to challenge the prevailing thoughts of his time?,2025-09-16T18:11:27.600000,2025-09-16T18:11:31.700000,4.126586,115.89276190476191,477.5876999999999,101.60679999999999,375.98089999999996,250,60.58276744989684,1.9103507999999998
17,humanities,What are some business etiquette norms when doing business in Japan?,2025-09-16T18:11:35.600000,2025-09-16T18:11:39.700000,4.108793,117.28578048780487,472.2333,99.83465000000001,372.3986500000001,250,60.84511923574635,1.8889331999999999
18,humanities,Suggest five award-winning documentary films with brief background descriptions for aspiring filmmakers to study.,2025-09-16T18:11:43.600000,2025-09-16T18:11:47.700000,4.110476,115.90795121951221,466.52295,98.59154999999998,367.93140000000005,250,60.82020671085295,1.8660918
