{
  "start_time": "2025-09-16T18:15:10.885040",
  "end_time": "2025-09-16T18:15:18.851879",
  "start_time_100ms": "2025-09-16T18:15:10.900000",
  "end_time_100ms": "2025-09-16T18:15:18.900000",
  "duration_s": 7.966839,
  "avg_total_power_W": 70.89055263157897,
  "energy_total_J": 533.0287,
  "energy_cpu_J": 191.98479999999995,
  "energy_gpu_J": 341.04390000000006,
  "completion_tokens": 250,
  "tokens_per_s": 31.380074330609666,
  "answer": "\n\n## Award-Winning Documentary Film Recommendations:\n\n**1.  ** **\"Man on Wire\" (2008)**\n    * **Background:** This Oscar-winning documentary follows Philippe Petit, a highwire artist, and his audacious attempt to walk between the Twin Towers of the World Trade Center in 1974. The film brilliantly captures the planning, training, the thrill of the moment, and the historical context of the time. \n    * **Why it's great for aspiring filmmakers:**  \"Man on Wire\" showcases the power of a compelling story, innovative use of archival footage, and engaging storytelling techniques. \n\n**2.  ** **\"Bowling for Columbine\" (2002)**\n    * **Background:**  Michael Moore's documentary delves into the US gun culture and the tragic Columbine High School shooting. Moore explores various perspectives, ranging from the gun lobby's arguments to the victims' families' pain. \n    * **Why it's great for aspiring filmmakers:**  This film is a powerful example of social commentary and investigative journalism. It demonstrates how to tackle complex social issues and provoke strong reactions.\n\n**3.  ** **\"",
  "J_per_token": 2.1321147999999996
}