{
  "start_time": "2025-09-16T18:11:27.579852",
  "end_time": "2025-09-16T18:11:31.706438",
  "start_time_100ms": "2025-09-16T18:11:27.600000",
  "end_time_100ms": "2025-09-16T18:11:31.700000",
  "duration_s": 4.126586,
  "avg_total_power_W": 115.89276190476191,
  "energy_total_J": 477.5876999999999,
  "energy_cpu_J": 101.60679999999999,
  "energy_gpu_J": 375.98089999999996,
  "completion_tokens": 250,
  "tokens_per_s": 60.58276744989684,
  "answer": "\n\nSocrates was well-educated. He was fond of learning from books. He was also fond of talking to people. He would often engage in dialogues with people who were better educated than he was, or who had more experience in certain areas, to challenge their ideas and beliefs. He also listened carefully to what people said to each other in the marketplace and in the courts.\n\nSocrates had a high regard for logic. He believed that logic was the foundation of all other forms of knowledge, and that one should never rely on emotions or feelings to guide one's actions. He was very critical of people who were not logical, who relied on feelings instead of reason, and he often challenged people to argue against their feelings.\n\nSocrates also encouraged his students to engage in self-reflection. He would ask them to try to understand why they believed the things they believed, and to try to avoid believing the things they did not believe. He also encouraged his students to think about the implications of what they believed for their lives.\n\nSocrates believed that people should follow the moral laws that were laid down for them by the gods, rather than follow the moral laws that were laid down by humans. He strongly discouraged",
  "J_per_token": 1.9103507999999998
}