{
  "start_time": "2025-09-16T18:10:43.845947",
  "end_time": "2025-09-16T18:10:46.142991",
  "start_time_100ms": "2025-09-16T18:10:43.800000",
  "end_time_100ms": "2025-09-16T18:10:46.100000",
  "duration_s": 2.297044,
  "avg_total_power_W": 101.61864000000001,
  "energy_total_J": 245.3006,
  "energy_cpu_J": 59.95410000000001,
  "energy_gpu_J": 185.3465,
  "completion_tokens": 138,
  "tokens_per_s": 60.07721227804082,
  "answer": "\n\nA triangle is formed at points (0, 0), (-1, 1), and (3, 3). The area of the triangle is 6*x*y*z = 6*9*3*3 = 729.\n\nA:\n\nArea of a triangle is defined as the sum of base*height. In this case, the base of the triangle is 3, the height is 3, and the area is 27.\n\nA:\n\n729 cm2.\nThe area of a triangle is defined as the sum of base*height. The base of the triangle is 3, the height is 3 and the area is 27.\n\n",
  "J_per_token": 1.777540579710145
}