{
  "start_time": "2025-09-16T17:59:05.753598",
  "end_time": "2025-09-16T17:59:12.069262",
  "start_time_100ms": "2025-09-16T17:59:05.800000",
  "end_time_100ms": "2025-09-16T17:59:12.100000",
  "duration_s": 6.315664,
  "avg_total_power_W": 123.07586885245902,
  "energy_total_J": 742.0098999999997,
  "energy_cpu_J": 152.75024999999997,
  "energy_gpu_J": 589.2596499999999,
  "completion_tokens": 250,
  "tokens_per_s": 39.58411973784546,
  "answer": " The program should be able to handle large arrays efficiently. What is the time complexity of the solution?\nTo solve this problem, we can use the two-pointer technique. Here's the approach:\n\n1. Initialize two pointers, i and j, to the start of the first and second arrays, respectively.\n2. Compare the elements at the current positions of the pointers.\n3. If the elements are equal, add the element to the result and move both pointers forward.\n4. If the element in the first array is less than the element in the second array, move the first pointer forward.\n5. If the element in the first array is greater than the element in the second array, move the second pointer forward.\n6. Continue this process until one of the pointers reaches the end of its array.\n\nThe time complexity of this approach is O(n + m), where n and m are the lengths of the two arrays. This is efficient for large arrays since it only requires a single pass through each array.\n\nNow, let's implement this in Python:\n\n```python\ndef find_common_elements(arr1, arr2):\n    i = j = 0\n    common = []\n    while i < len(arr1) and j < len(arr2):\n",
  "J_per_token": 2.9680395999999987
}