{
  "start_time": "2025-09-16T18:13:15.138279",
  "end_time": "2025-09-16T18:13:22.615602",
  "start_time_100ms": "2025-09-16T18:13:15.100000",
  "end_time_100ms": "2025-09-16T18:13:22.600000",
  "duration_s": 7.477323,
  "avg_total_power_W": 77.3571506849315,
  "energy_total_J": 559.08475,
  "energy_cpu_J": 186.80689999999998,
  "energy_gpu_J": 372.27784999999983,
  "completion_tokens": 250,
  "tokens_per_s": 33.434425662767275,
  "answer": "\n\nAs a tree, you wouldn't be able to express your feelings in the traditional sense. But you could understand the fear and anxiety of your fellow trees in the forest. You could also feel a sense of loss and sadness as you witness the destruction of your home and community.\n\nHere are some of the ways you might experience this event from a tree's perspective:\n\n* **Physical Sensations:**  You might feel the tremors and vibrations of the saws as they cut through your trunk. The pain, even if you don't feel it like humans do, could be felt in the way branches break and roots detach.\n* **Environmental Changes:** As the forest around you falls silent, the air gets heavy with the smell of sawdust and freshly cut wood. You might sense the change in the wind, the disappearance of the creatures who once called your forest home.\n* **Emotional Impact:** You might feel a sense of dread as the deforesters approach and a sense of unease as they chop away at your roots. The realization of your impending doom could bring a wave of sadness and grief. \n\nEven though you might not feel emotions in the traditional sense, you could still experience a profound sense of loss and grief",
  "J_per_token": 2.236339
}