{
  "start_time": "2025-09-16T17:58:14.921445",
  "end_time": "2025-09-16T17:58:21.198228",
  "start_time_100ms": "2025-09-16T17:58:14.900000",
  "end_time_100ms": "2025-09-16T17:58:21.200000",
  "duration_s": 6.276783,
  "avg_total_power_W": 125.43596721311474,
  "energy_total_J": 756.2719999999999,
  "energy_cpu_J": 155.29775000000004,
  "energy_gpu_J": 600.97425,
  "completion_tokens": 250,
  "tokens_per_s": 39.82932021068755,
  "answer": " What are your thoughts and feelings? What do you say to them? What do you do? What is your final outcome? What is your legacy? What do you want to say to the people who are going to cut you down? What is your final message to the world? What is your final message to your children (the people who live under your roots)? What is your final message to the people who are going to cut you down?\nOkay, so I need to imagine being a 100-year-old tree in a forest. Let me start by visualizing the scene. A tree that's been around for a century has seen a lot of changes. Maybe it's a tall oak or a pine, standing strong in the forest. The forest is full of life, with animals, birds, and other trees. The tree has a lot of memories, has witnessed seasons change, has seen people come and go, maybe even some historical events.\n\nNow, the deforesters show up. They come to cut the tree down. The tree is now in a situation where it's being threatened. How would a tree feel in that moment? Well, the tree can't feel emotions in the human sense, but maybe I can personify",
  "J_per_token": 3.0250879999999998
}