{
  "start_time": "2025-09-16T18:05:28.826638",
  "end_time": "2025-09-16T18:05:36.285010",
  "start_time_100ms": "2025-09-16T18:05:28.800000",
  "end_time_100ms": "2025-09-16T18:05:36.300000",
  "duration_s": 7.458372,
  "avg_total_power_W": 81.16495774647889,
  "energy_total_J": 568.6328,
  "energy_cpu_J": 203.03240000000005,
  "energy_gpu_J": 365.6003999999999,
  "completion_tokens": 250,
  "tokens_per_s": 33.51937929617885,
  "answer": "\n\nSocrates employed a variety of methods to challenge the prevailing thoughts of his time. Here are some of the most notable:\n\n**1. The Socratic Method:**  This is his most famous technique.  He would ask probing questions that forced his audience to confront their assumptions and beliefs. By continually questioning and challenging, he would often lead them to acknowledge their own ignorance.\n\n**2.  Focus on Self-Examination:**  Socrates believed that true knowledge could only be achieved by examining one's own beliefs and values.  He would encourage his followers to reflect on their own lives and the motivations behind their actions.\n\n**3.  Emphasis on Dialectics:**  Dialectics is a method of reasoning that involves examining opposing viewpoints and seeking to resolve contradictions. Socrates used this technique to challenge the existing philosophical frameworks of his time. \n\n**4.  Use of Riddles and Analogies:**  He would use these to illustrate abstract concepts and force his audience to think critically. \n\n**5.  Challenge of Conventional Wisdom:**  Socrates was not afraid to challenge the traditional authorities and accepted beliefs. He questioned the morality and wisdom of those in power, revealing the flaws in their reasoning.\n\n**6",
  "J_per_token": 2.2745311999999998
}