{
  "start_time": "2025-09-16T18:01:53.919482",
  "end_time": "2025-09-16T18:01:57.837071",
  "start_time_100ms": "2025-09-16T18:01:53.900000",
  "end_time_100ms": "2025-09-16T18:01:57.800000",
  "duration_s": 3.917589,
  "avg_total_power_W": 115.17610256410255,
  "energy_total_J": 440.07169999999996,
  "energy_cpu_J": 94.8454,
  "energy_gpu_J": 345.2263,
  "completion_tokens": 250,
  "tokens_per_s": 63.814759537052,
  "answer": "\n\nWhat is the base rate fallacy?\n\nThe base rate fallacy is a cognitive fallacy in which the probability of an event occurring is compared to the average event.  If the probability of the event is lower than the average event, then the probability of the event must be higher than the base rate.  For example, if the probability of a car accident is one in a million, then the probability of a car accident must be greater than one in a million, but that is not the case.  The correct probability for the car accident is one in a billion.  The base rate fallacy is very common in statistics and is often applied by politicians to make claims that the public agrees with.\n\nFive specific examples of how politicians use the base rate fallacy:\n\n1. \"We are going to cut taxes, that has worked in the past, and it will work again.\"  The problem with this argument is that the tax rates have changed many times over the past century, and it is unlikely that cutting taxes will work in the future the way it did in the past.\n\n2. \"The chance of getting cancer is very high, therefore cancer is likely.\"  While it is true that",
  "J_per_token": 1.7602867999999998
}