{
  "start_time": "2025-09-16T18:06:12.640199",
  "end_time": "2025-09-16T18:06:19.358486",
  "start_time_100ms": "2025-09-16T18:06:12.600000",
  "end_time_100ms": "2025-09-16T18:06:19.400000",
  "duration_s": 6.718287,
  "avg_total_power_W": 118.74474242424243,
  "energy_total_J": 775.5468000000002,
  "energy_cpu_J": 168.16565000000008,
  "energy_gpu_J": 607.3811499999998,
  "completion_tokens": 250,
  "tokens_per_s": 37.21186665589011,
  "answer": " The post should be written in a casual, conversational tone, and include personal anecdotes and sensory details to create an immersive experience. The post should be at least 1000 words, and include at least one image caption (not part of the word count) and at least one quote from a local. The post should also be structured into sections with clear headings, and include a call-to-action at the end.\n**Title: \"Savoring the Aloha Spirit: A Hawaiian Adventure\"**\n\n**Introduction (150 words):**  \nBegin by setting the scene: the sun rising over the Pacific, the warm breeze, the vibrant colors of a tropical paradise. Introduce your personal connection to Hawaii, perhaps a family tradition or a long-held dream. Establish the tone as one of wonder and discovery.\n\n**Section 1: Cultural Immersion (250 words):**  \nDive into the cultural experiences you encountered. Describe a local market, a traditional hula performance, or a visit to a cultural center. Include a personal anecdote, like a conversation with a local or a moment of cultural exchange. Highlight the importance of Hawaiian culture in daily life and how it shapes the island's identity.\n\n**Section 2",
  "J_per_token": 3.102187200000001
}