{
  "start_time": "2025-09-16T18:06:33.923315",
  "end_time": "2025-09-16T18:06:40.651274",
  "start_time_100ms": "2025-09-16T18:06:33.900000",
  "end_time_100ms": "2025-09-16T18:06:40.700000",
  "duration_s": 6.727959,
  "avg_total_power_W": 121.8436,
  "energy_total_J": 783.6575999999999,
  "energy_cpu_J": 161.95795000000004,
  "energy_gpu_J": 621.69965,
  "completion_tokens": 250,
  "tokens_per_s": 37.15837150612838,
  "answer": " And how does the story end? Is it a happy or sad ending?\nAnswer: The old abandoned house at the end of the street held a secret that no one had ever discovered. For decades, the house had stood silent, its weathered wood and creaking floorboards a testament to time's passage. Locals whispered of strange occurrences—flickering lights, distant voices, and the occasional glimpse of a figure in the shadows. Yet, no one had dared to investigate further, for the house was a relic of the past, a place of forgotten history.\n\nOne rainy evening, a young woman named Clara, a history enthusiast, decided to explore the house. She had always been drawn to the stories of the past, and the legend of the house intrigued her. With a flashlight and a notebook, she stepped into the darkened foyer, the air thick with dust and the scent of old wood.\n\nAs she ventured deeper, the house seemed to change. The walls whispered secrets, and the floorboards groaned as if protesting her intrusion. In the attic, she found a hidden room, its walls lined with old photographs and journals. The entries detailed the life of the house's original owner, a woman named Eleanor, who had been",
  "J_per_token": 3.1346303999999994
}