{
  "start_time": "2025-09-16T17:58:55.658107",
  "end_time": "2025-09-16T17:59:01.952519",
  "start_time_100ms": "2025-09-16T17:58:55.700000",
  "end_time_100ms": "2025-09-16T17:59:02",
  "duration_s": 6.294412,
  "avg_total_power_W": 121.63743548387095,
  "energy_total_J": 745.7431500000001,
  "energy_cpu_J": 155.03730000000002,
  "energy_gpu_J": 590.7058499999999,
  "completion_tokens": 250,
  "tokens_per_s": 39.71776871294729,
  "answer": " The majority element is defined as an element that appears more than n/2 times, where n is the length of the array. The function should return the majority element if it exists, and -1 otherwise.\n\nTo solve this problem, I'll implement the Boyer-Moore Voting Algorithm. This algorithm is efficient for finding the majority element in a list of integers. It works by maintaining a count and a candidate for the majority element. The algorithm works in O(n) time and O(1) space.\n\nHere's the step-by-step plan:\n\n1. Initialize a variable to keep track of the candidate for the majority element and a count.\n2. Iterate through the array:\n   a. If the count is 0, set the current element as the candidate.\n   b. If the current element is the same as the candidate, increment the count.\n   c. Otherwise, decrement the count.\n3. After the iteration, the candidate is a potential majority element. However, we need to verify if it actually appears more than n/2 times.\n4. Return the candidate if it meets the condition, otherwise return -1.\n\nNow, let's implement this in Python:\n\n```python\ndef majority_element(nums):\n    candidate = None",
  "J_per_token": 2.9829726000000005
}