{
  "start_time": "2025-09-16T17:59:56.374815",
  "end_time": "2025-09-16T18:00:02.679871",
  "start_time_100ms": "2025-09-16T17:59:56.400000",
  "end_time_100ms": "2025-09-16T18:00:02.700000",
  "duration_s": 6.305056,
  "avg_total_power_W": 121.66786885245901,
  "energy_total_J": 733.39765,
  "energy_cpu_J": 149.9373,
  "energy_gpu_J": 583.46035,
  "completion_tokens": 250,
  "tokens_per_s": 39.65071840757639,
  "answer": " 1. **\"The Act of Killing\" (2012)**: Directed by Joshua Oppenheimer, this film is a unique blend of documentary and fiction. It follows the aftermath of the 1965 Indonesian coup, focusing on the men who carried out the killings. The film uses a mix of reenactments and interviews to explore the psychological impact of such violence and the moral ambiguity of the perpetrators. 2. **\"The Dinner Party\" (2018)**: Directed by Hany Abu-Assad, this film is a powerful exploration of the Israeli-Palestinian conflict. It follows a group of women from different backgrounds who gather to discuss the issues, highlighting the emotional and social complexities of the conflict. 3. **\"The Salt of the Earth\" (2014)**: Directed by Wim Wenders, this film is a tribute to the work of photographer Sebastián Salavert. It follows the journey of Salavert as he travels the world to capture the beauty and diversity of the human experience through his lens. 4. **\"The Invisible War\" (2012)**: Directed by Josh Sullivan, this film is a documentary that exposes the issue of",
  "J_per_token": 2.9335906
}