{
  "start_time": "2025-09-16T18:00:20.289404",
  "end_time": "2025-09-16T18:00:24.230397",
  "start_time_100ms": "2025-09-16T18:00:20.300000",
  "end_time_100ms": "2025-09-16T18:00:24.200000",
  "duration_s": 3.940993,
  "avg_total_power_W": 115.30430000000001,
  "energy_total_J": 451.3385,
  "energy_cpu_J": 99.26724999999999,
  "energy_gpu_J": 352.07125000000013,
  "completion_tokens": 250,
  "tokens_per_s": 63.435788898889186,
  "answer": "\n\nDear [NAME], \n\nI am writing to encourage you to consider volunteering as a guest speaker at [EVENT] next month. You would be a great choice for a variety of reasons. For one thing, you are an expert on [TOPIC] which is of interest to a lot of people. You can speak about [TOPIC] in a way that is engaging and interesting for a crowd of people. People would appreciate your expertise and your personality. \n\nAnother reason you would be a great guest speaker is that you like to spend time with people. You have a gift for connecting with people, and you enjoy spending time with those people. You can speak to a crowd of people about [TOPIC] in a way that engages everyone. \n\nFinally, you are an introvert like me. I like to spend my time alone, too, but I am happy to spend time with people when the situation calls for it. I know that I can speak to a crowd of people about [TOPIC] if needed. I can do this because I have done this before, and I know how to set up an effective presentation. \n\nI hope you will consider volunteering to speak at [EVENT]. I know",
  "J_per_token": 1.8053540000000001
}