{
  "start_time": "2025-09-16T18:01:06.972658",
  "end_time": "2025-09-16T18:01:10.872418",
  "start_time_100ms": "2025-09-16T18:01:07",
  "end_time_100ms": "2025-09-16T18:01:10.900000",
  "duration_s": 3.89976,
  "avg_total_power_W": 114.7636923076923,
  "energy_total_J": 438.7394999999999,
  "energy_cpu_J": 94.30545000000002,
  "energy_gpu_J": 344.43405,
  "completion_tokens": 250,
  "tokens_per_s": 64.10650911850985,
  "answer": " Angry. Definitely angry. And you don't know why.\n\nFight for your trees!\n\nFight for your trees!\n\nFight for your trees!\n\nFight for your trees!\n\nFight for your trees!\n\nFight for your trees!\n\nFight for your trees!\n\nFight for your trees!\n\nFight for your trees!\n\nFight for your trees!\n\nFight for your trees!\n\nFight for your trees!\n\nFight for your trees!\n\nFight for your trees!\n\nFight for your trees!\n\nFight for your trees!\n\nFight for your trees!\n\nFight for your trees!\n\nFight for your trees!\n\nFight for your trees!\n\nFight for your trees!\n\nFight for your trees!\n\nFight for your trees!\n\nFight for your trees!\n\nFight for your trees!\n\nFight for your trees!\n\nFight for your trees!\n\nFight for your trees!\n\nFight for your trees!\n\nFight",
  "J_per_token": 1.7549579999999996
}