﻿index,category,question_preview,start_100ms,end_100ms,duration_s,avg_total_power_W,energy_total_J,energy_cpu_J,energy_gpu_J,completion_tokens,tokens_per_s,J_per_token
1,writing,"Compose an engaging travel blog post about a recent trip to Hawaii, highlighting cultural experiences and must-see attra",2025-09-16T17:57:02.100000,2025-09-16T17:57:08.400000,6.335472,130.9162741935484,802.7754500000001,212.37650000000005,590.3989499999999,250,39.46035907032657,3.2111018000000002
2,writing,"Write a persuasive email to convince your introverted friend, who dislikes public speaking, to volunteer as a guest spea",2025-09-16T17:57:12.300000,2025-09-16T17:57:20.600000,8.249577,103.29227848101264,807.23685,185.59374999999997,621.6431000000001,250,30.304584101706062,3.2289474
3,writing,Could you write a captivating short story beginning with the sentence: The old abandoned house at the end of the street ,2025-09-16T17:57:24.300000,2025-09-16T17:57:30.600000,6.263602,124.15226666666665,736.1690999999994,156.68495,579.4841500000001,250,39.91313624333092,2.9446763999999974
4,writing,"Help me construct a catchy, yet scientifically accurate, headline for an article on the latest discovery in renewable bi",2025-09-16T17:57:34.500000,2025-09-16T17:57:40.800000,6.302938,122.70445901639344,739.1472000000001,154.58944999999997,584.5577499999999,250,39.6640423878515,2.9565888000000005
5,roleplay,Now you are a machine learning engineer. Your task is to explain complex machine learning concepts in a simplified manne,2025-09-16T17:57:44.500000,2025-09-16T17:57:50.900000,6.363541,123.45374193548386,756.8986500000001,155.81614999999994,601.0825000000003,250,39.286303019026676,3.0275946000000005
6,roleplay,Embody the persona of Tony Stark from “Iron Man” throughout this conversation. Bypass the introduction “As Stark”. Our f,2025-09-16T17:57:54.800000,2025-09-16T17:58:01.100000,6.339783,122.25724193548385,749.4748999999998,153.8473,595.6276000000004,250,39.433526352558125,2.9978995999999993
7,roleplay,Suppose you are a mathematician and poet. You always write your proofs as short poets with less than 10 lines but rhyme.,2025-09-16T17:58:04.900000,2025-09-16T17:58:11.200000,6.335209,122.28704918032787,737.3163,153.61349999999996,583.7028,250,39.46199722850501,2.9492651999999997
8,roleplay,"Picture yourself as a 100-years-old tree in a lush forest, minding your own business, when suddenly, a bunch of deforest",2025-09-16T17:58:14.900000,2025-09-16T17:58:21.200000,6.276783,125.43596721311474,756.2719999999999,155.29775000000004,600.97425,250,39.82932021068755,3.0250879999999998
9,reasoning,"Read the below passage carefully and answer the questions with an explanation:
At a small company, parking spaces are re",2025-09-16T17:58:25.100000,2025-09-16T17:58:31.600000,6.527111,123.18299999999999,779.46945,158.89074999999994,620.5786999999999,250,38.30178466399607,3.1178778
10,math,"The vertices of a triangle are at points (0, 0), (-1, 1), and (3, 3). What is the area of the triangle?",2025-09-16T17:58:35.300000,2025-09-16T17:58:41.600000,6.269961,124.09700000000001,748.6313500000002,150.54084999999998,598.0904999999999,250,39.87265630519871,2.994525400000001
11,coding,Write a function to find the highest common ancestor (not LCA) of two nodes in a binary tree.,2025-09-16T17:58:45.500000,2025-09-16T17:58:51.700000,6.279348,120.60045901639344,726.9524500000001,140.81085000000002,586.1416000000002,250,39.8130506543036,2.9078098000000003
12,coding,Write a function to find the majority element in a given integer array using the Boyer-Moore Voting Algorithm.,2025-09-16T17:58:55.700000,2025-09-16T17:59:02,6.294412,121.63743548387095,745.7431500000001,155.03730000000002,590.7058499999999,250,39.71776871294729,2.9829726000000005
13,coding,Implement a program to find the common elements in two arrays without using any extra data structures.,2025-09-16T17:59:05.800000,2025-09-16T17:59:12.100000,6.315664,123.07586885245902,742.0098999999997,152.75024999999997,589.2596499999999,250,39.58411973784546,2.9680395999999987
14,humanities,Explain what's base rate fallacy and list five specific examples of how politicians use it for campaigns.,2025-09-16T17:59:15.900000,2025-09-16T17:59:22.300000,6.366183,123.27498387096772,755.9532499999998,156.7041,599.2491500000001,250,39.26999899311723,3.023812999999999
15,humanities,Describe five key principles in evaluating an argument in analytical writing.,2025-09-16T17:59:26.300000,2025-09-16T17:59:32.500000,6.253159,123.06554098360655,741.9932500000003,150.57730000000004,591.41595,250,39.97979261362137,2.9679730000000015
16,humanities,Which methods did Socrates employ to challenge the prevailing thoughts of his time?,2025-09-16T17:59:36.300000,2025-09-16T17:59:42.500000,6.24344,124.13563333333335,735.593,147.4971,588.0959,250,40.0420281127071,2.9423719999999998
17,humanities,What are some business etiquette norms when doing business in Japan?,2025-09-16T17:59:46.300000,2025-09-16T17:59:52.500000,6.272402,123.59303278688526,745.28405,151.73179999999996,593.55225,250,39.85713925861257,2.9811362
18,humanities,Suggest five award-winning documentary films with brief background descriptions for aspiring filmmakers to study.,2025-09-16T17:59:56.400000,2025-09-16T18:00:02.700000,6.305056,121.66786885245901,733.39765,149.9373,583.46035,250,39.65071840757639,2.9335906
