﻿action,run,question_dir,len_cpu,len_gpu,len_total
gemma-2-2b-it-Q8_0,gemma-2-2b-it-Q8_0__mtbench_20250916_181151,E:\SLM\runs_mtbench2\gemma-2-2b-it-Q8_0\gemma-2-2b-it-Q8_0__mtbench_20250916_181151\q_0001_writing_Compose an engaging travel blog post abo,72,72,72
gemma-2-2b-it-Q8_0,gemma-2-2b-it-Q8_0__mtbench_20250916_181151,E:\SLM\runs_mtbench2\gemma-2-2b-it-Q8_0\gemma-2-2b-it-Q8_0__mtbench_20250916_181151\q_0002_writing_Write a persuasive email to convince you,77,77,77
gemma-2-2b-it-Q8_0,gemma-2-2b-it-Q8_0__mtbench_20250916_181151,E:\SLM\runs_mtbench2\gemma-2-2b-it-Q8_0\gemma-2-2b-it-Q8_0__mtbench_20250916_181151\q_0003_writing_Could you write a captivating short stor,73,73,73
gemma-2-2b-it-Q8_0,gemma-2-2b-it-Q8_0__mtbench_20250916_181151,"E:\SLM\runs_mtbench2\gemma-2-2b-it-Q8_0\gemma-2-2b-it-Q8_0__mtbench_20250916_181151\q_0004_writing_Help me construct a catchy, yet scientif",76,76,76
gemma-2-2b-it-Q8_0,gemma-2-2b-it-Q8_0__mtbench_20250916_181151,E:\SLM\runs_mtbench2\gemma-2-2b-it-Q8_0\gemma-2-2b-it-Q8_0__mtbench_20250916_181151\q_0005_roleplay_Now you are a machine learning engineer,73,73,73
gemma-2-2b-it-Q8_0,gemma-2-2b-it-Q8_0__mtbench_20250916_181151,E:\SLM\runs_mtbench2\gemma-2-2b-it-Q8_0\gemma-2-2b-it-Q8_0__mtbench_20250916_181151\q_0007_roleplay_Suppose you are a mathematician and poet,76,76,76
gemma-2-2b-it-Q8_0,gemma-2-2b-it-Q8_0__mtbench_20250916_181151,E:\SLM\runs_mtbench2\gemma-2-2b-it-Q8_0\gemma-2-2b-it-Q8_0__mtbench_20250916_181151\q_0008_roleplay_Picture yourself as a 100-years-old tree,73,73,73
gemma-2-2b-it-Q8_0,gemma-2-2b-it-Q8_0__mtbench_20250916_181151,E:\SLM\runs_mtbench2\gemma-2-2b-it-Q8_0\gemma-2-2b-it-Q8_0__mtbench_20250916_181151\q_0009_reasoning_Read the below passage carefully and ans,74,74,74
gemma-2-2b-it-Q8_0,gemma-2-2b-it-Q8_0__mtbench_20250916_181151,E:\SLM\runs_mtbench2\gemma-2-2b-it-Q8_0\gemma-2-2b-it-Q8_0__mtbench_20250916_181151\q_0010_math_The vertices of a triangle are at points,73,73,73
gemma-2-2b-it-Q8_0,gemma-2-2b-it-Q8_0__mtbench_20250916_181151,E:\SLM\runs_mtbench2\gemma-2-2b-it-Q8_0\gemma-2-2b-it-Q8_0__mtbench_20250916_181151\q_0011_coding_Write a function to find the highest com,73,73,73
gemma-2-2b-it-Q8_0,gemma-2-2b-it-Q8_0__mtbench_20250916_181151,E:\SLM\runs_mtbench2\gemma-2-2b-it-Q8_0\gemma-2-2b-it-Q8_0__mtbench_20250916_181151\q_0012_coding_Write a function to find the majority el,73,73,73
gemma-2-2b-it-Q8_0,gemma-2-2b-it-Q8_0__mtbench_20250916_181151,E:\SLM\runs_mtbench2\gemma-2-2b-it-Q8_0\gemma-2-2b-it-Q8_0__mtbench_20250916_181151\q_0013_coding_Implement a program to find the common e,72,72,72
gemma-2-2b-it-Q8_0,gemma-2-2b-it-Q8_0__mtbench_20250916_181151,E:\SLM\runs_mtbench2\gemma-2-2b-it-Q8_0\gemma-2-2b-it-Q8_0__mtbench_20250916_181151\q_0014_humanities_Explain what's base rate fallacy and lis,76,76,76
gemma-2-2b-it-Q8_0,gemma-2-2b-it-Q8_0__mtbench_20250916_181151,E:\SLM\runs_mtbench2\gemma-2-2b-it-Q8_0\gemma-2-2b-it-Q8_0__mtbench_20250916_181151\q_0015_humanities_Describe five key principles in evaluati,76,76,76
gemma-2-2b-it-Q8_0,gemma-2-2b-it-Q8_0__mtbench_20250916_181151,E:\SLM\runs_mtbench2\gemma-2-2b-it-Q8_0\gemma-2-2b-it-Q8_0__mtbench_20250916_181151\q_0016_humanities_Which methods did Socrates employ to cha,72,72,72
gemma-2-2b-it-Q8_0,gemma-2-2b-it-Q8_0__mtbench_20250916_181151,E:\SLM\runs_mtbench2\gemma-2-2b-it-Q8_0\gemma-2-2b-it-Q8_0__mtbench_20250916_181151\q_0017_humanities_What are some business etiquette norms w,72,72,72
gemma-2-2b-it-Q8_0,gemma-2-2b-it-Q8_0__mtbench_20250916_181151,E:\SLM\runs_mtbench2\gemma-2-2b-it-Q8_0\gemma-2-2b-it-Q8_0__mtbench_20250916_181151\q_0018_humanities_Suggest five award-winning documentary f,76,76,76
