{
  "start_time": "2025-09-16T18:02:24.922121",
  "end_time": "2025-09-16T18:02:28.832037",
  "start_time_100ms": "2025-09-16T18:02:24.900000",
  "end_time_100ms": "2025-09-16T18:02:28.800000",
  "duration_s": 3.909916,
  "avg_total_power_W": 116.00643589743588,
  "energy_total_J": 443.6746,
  "energy_cpu_J": 95.51094999999998,
  "energy_gpu_J": 348.16365,
  "completion_tokens": 250,
  "tokens_per_s": 63.93999257273046,
  "answer": "\n\nThe Trial of the Catonsville Nine (1993)\n\nThe Trial of the Catonsville Nine examines the case of the convictions of nine African-American teenagers in Catonsville, Maryland, for their roles in a demonstration against a local store. The film's screenwriter, Charles Randolph, won the Academy Award for Best Original Screenplay. The film was the first of three documentaries produced by the Center for Documentary Studies at the Maryland Institute College of Art (MICA). The center was founded by Spike Lee and Robert F. Kennedy, Jr., and is now called the Maryland Institute College of Art/Humanities Institute.\n\nThe film won the Academy Award for Best Documentary Feature in 1993.\n\nIt was nominated for an Oscar 20 times, winning 11 times, and is considered one of the greatest films ever made about the civil rights movement. It is widely credited with helping to focus national and international attention on the case, and for sparking a series of protests across the country.\n\nA powerful portrayal of the difficult circumstances under which the defendants, their families, and the court were forced to operate. The defendants were subjected to police harassment and intimidation, and were denied access to legal counsel",
  "J_per_token": 1.7746984
}