{
  "start_time": "2025-09-16T18:10:57.917017",
  "end_time": "2025-09-16T18:11:02.089410",
  "start_time_100ms": "2025-09-16T18:10:57.900000",
  "end_time_100ms": "2025-09-16T18:11:02.100000",
  "duration_s": 4.172393,
  "avg_total_power_W": 116.30133333333333,
  "energy_total_J": 479.6952500000001,
  "energy_cpu_J": 104.36305000000002,
  "energy_gpu_J": 375.3322000000001,
  "completion_tokens": 250,
  "tokens_per_s": 59.917653969796234,
  "answer": "\nThe Boyer-Moore voting algorithm is a dynamic programming algorithm for finding the majority element in an unsorted array. It is named after Jacques Boyer and Robert E. Moore.\nThe algorithm works by repeatedly selecting an element that is not the majority, and then finding the element that is closest to it in the array.\nIf it is closer to the selected element than any of its neighbors, it is the majority.\nFor example, if the array is [3, 2, 1, 4], the algorithm would select element 2, and then return 3 as the answer since 2 is closest to 3 than any of its neighbors, 4.\nThe running time of the algorithm is O(n).\nI have tried to implement this algorithm using recursion, but I'm not getting the correct answer.\ndef majorityElement(self, nums):\n    if len(nums) < 2:\n        return 0 or nums[0]\n    else:\n        return min(majorityElement(self(nums), nums[1:]))\n\nThe above function works for the given example array [3, 2, 1, 4], and returns 3 as the majority element.\nBut the",
  "J_per_token": 1.9187810000000005
}