{
  "start_time": "2025-09-16T18:04:09.314094",
  "end_time": "2025-09-16T18:04:15.991850",
  "start_time_100ms": "2025-09-16T18:04:09.300000",
  "end_time_100ms": "2025-09-16T18:04:16",
  "duration_s": 6.677756,
  "avg_total_power_W": 78.33428787878788,
  "energy_total_J": 511.48770000000013,
  "energy_cpu_J": 147.526,
  "energy_gpu_J": 363.9617,
  "completion_tokens": 224,
  "tokens_per_s": 33.54420257343934,
  "answer": "\n**Answer:** The secretary's name is **Cheryl**. \n\n**Explanation:**\n\nHere's how we can solve this logic puzzle:\n\n1. **Start with the most direct clues:**\n   * The car in the first space is red.\n   * The car in the last space is purple.\n   * The secretary drives a yellow car.\n\n2. **Combine clues to build a chain:**\n   * We know the secretary drives a yellow car, and the last space is purple.\n   * The secretary's car is yellow, and the secretary is in the third position.\n\n3. **Continue the pattern:**\n   * Alice's car is parked next to David's, so they are in the 2nd and 3rd positions.\n\n4. **Use the final clues to solve for the rest:**\n   * Bert's car is parked between Cheryl's and Enid's.\n   * David's car is parked in the last space.\n\n\n\nLet me know if you would like to try another logic puzzle! \n",
  "J_per_token": 2.283427232142858
}