{
  "start_time": "2025-09-16T18:09:31.492440",
  "end_time": "2025-09-16T18:09:35.587301",
  "start_time_100ms": "2025-09-16T18:09:31.500000",
  "end_time_100ms": "2025-09-16T18:09:35.600000",
  "duration_s": 4.094861,
  "avg_total_power_W": 116.88490476190475,
  "energy_total_J": 481.3955,
  "energy_cpu_J": 103.53585000000001,
  "energy_gpu_J": 377.85965,
  "completion_tokens": 250,
  "tokens_per_s": 61.05213339353888,
  "answer": "\n\nHawaii is a wonderful place to visit, and a great place to visit for a variety of reasons.  \n\nFirst and foremost, it's beautiful.  The island of Oahu is famous for its beautiful beaches, lush vegetation, and turquoise waters.  Its proximity to the Pacific Ocean makes it a safe haven for surfing and other water activities.  The island of Kauai is home to many waterfalls, volcanoes, and beautiful white sand beaches.\n\nHawaii is also a great place to experience traditional Asian cuisine.  Many local restaurants serve local specialties such as poke, loco moco, pork adobo, and chicken teriyaki.  You can also find local drinks such as mai tais and cocktails.\n\nFinally, Hawaii is well known for its surfing and other sports.  You can find sports such as basketball, volleyball, baseball, tennis, and golf in Hawaii.  You can also find surfing beaches on all islands.\n\nHawaii is a great place to visit for those who enjoy the great outdoors, Asian cuisine, and sports.  If you have never been to Hawaii, I highly recommend you visit!\n\n### References",
  "J_per_token": 1.9255820000000001
}