{
  "start_time": "2025-09-16T18:00:43.574407",
  "end_time": "2025-09-16T18:00:47.515697",
  "start_time_100ms": "2025-09-16T18:00:43.600000",
  "end_time_100ms": "2025-09-16T18:00:47.500000",
  "duration_s": 3.94129,
  "avg_total_power_W": 114.72545,
  "energy_total_J": 450.3824999999998,
  "energy_cpu_J": 92.05645000000001,
  "energy_gpu_J": 358.32605,
  "completion_tokens": 250,
  "tokens_per_s": 63.43100862915441,
  "answer": ". A language model is a statistical model that can be trained to recognise sequences of words (words are typically characters but can also be phrases). The model's task is to find the most likely sequence of words given a specific set of words. An example of a language model applied to a movie review dataset from Amazon is shown in the figure below. The model has been trained using labeled data (the review text is known to be a review of a movie called \"Guardians of the Galaxy\" starring Chris Pratt). The model has been told that this review contains the following words: \"Guardians\", \"of\", \"the\", \" Galaxy\", \"Chris\", \"Pratt\", \"action\", \"out\", \"message\", \"3D\". The model has been provided with a small amount of unlabeled data (the review text is not known to be a review of a movie and contains many words that are not words in a review of a movie). The model has been told that all words are equally likely, with the exception of the words in the list provided. The model has been trained on a large language model called BERT. The model has been told that the sequence of words \"Guardians of the Galaxy\" is most likely, followed",
  "J_per_token": 1.8015299999999992
}