{
  "start_time": "2025-09-16T18:11:05.987914",
  "end_time": "2025-09-16T18:11:07.519500",
  "start_time_100ms": "2025-09-16T18:11:06",
  "end_time_100ms": "2025-09-16T18:11:07.500000",
  "duration_s": 1.531586,
  "avg_total_power_W": 87.8045882352941,
  "energy_total_J": 140.67015,
  "energy_cpu_J": 41.09825,
  "energy_gpu_J": 99.5719,
  "completion_tokens": 88,
  "tokens_per_s": 57.45678009592671,
  "answer": "\n\nA:\n\nYou can use a Set (or, equivalently, a HashSet).  If you can't use Set, you could also try a Set of lists, and keep a running total of the total length of the two lists.  If the total lengths are equal, you can then iterate over the lists to find the common elements.  If the lengths are not equal, you can't use this approach.\n\n",
  "J_per_token": 1.598524431818182
}