{
  "start_time": "2025-09-16T18:00:28.040631",
  "end_time": "2025-09-16T18:00:31.900208",
  "start_time_100ms": "2025-09-16T18:00:28",
  "end_time_100ms": "2025-09-16T18:00:31.900000",
  "duration_s": 3.859577,
  "avg_total_power_W": 116.05135897435899,
  "energy_total_J": 443.6946500000002,
  "energy_cpu_J": 95.78465000000001,
  "energy_gpu_J": 347.91,
  "completion_tokens": 250,
  "tokens_per_s": 64.77393766208058,
  "answer": "\n\nThe old abandoned house at the end of the street held a secret that no one had ever discovered. There was once a time when this house was the pride of the neighborhood, but now it was just another abandoned building. No one knew why the house had been abandoned, but it seemed that no one would ever find the people who lived there. The house was a dark gray with a small turquoise window, and the front door had a peeling and yellowed frame. The house was located on a quiet street in a quiet town, and no one had ever discovered the secret it held. \n\nThe secret was a treasure chest filled with gold coins. One day a young boy with a hoop in his nose and a silver fish on a chain saw the house. The house was unlocked, and he immediately ran upstairs to his bedroom and removed the fish. He placed the fish in a bucket and hoisted the bucket onto his shoulder. When he reached the top of the stairs he stopped and looked around. He could not see the fish, but he could still hear it singing. He placed the bucket on the kitchen table and opened the kitchen door. The boy stepped into the kitchen and saw the fish swimming around in the bucket",
  "J_per_token": 1.7747786000000008
}