{
  "start_time": "2025-09-16T18:12:23.117407",
  "end_time": "2025-09-16T18:12:30.783794",
  "start_time_100ms": "2025-09-16T18:12:23.100000",
  "end_time_100ms": "2025-09-16T18:12:30.800000",
  "duration_s": 7.666387,
  "avg_total_power_W": 77.29694520547945,
  "energy_total_J": 558.6553999999998,
  "energy_cpu_J": 186.22335,
  "energy_gpu_J": 372.43205,
  "completion_tokens": 250,
  "tokens_per_s": 32.609885204073315,
  "answer": "\n\nThe old abandoned house at the back of the street held a secret that no one had ever discovered. Its cracked facade and peeling paint whispered tales of forgotten lives, its overgrown garden, a silent testament to the past. The locals called it Widow's Peak, a name that echoed with whispers of tragedy and sorrow.\n\nFor years, the house had been a silent observer, shrouded in mystery. No one dared to approach it, not even the bravest of explorers. It stood there, a sentinel of forgotten memories, its windows like empty eyes staring out at the world.\n\nThen, one day, a young girl named Maya arrived. She wasn't afraid. In fact, she was captivated by the house, drawn to its silent majesty like a moth to a flame. She wasn't like the others, her heart was filled with curiosity, not fear.\n\nMaya climbed over the broken fence and pushed open the creaking door. Inside, the house was dark and dusty, but something beckoned her forward. The air was thick with the scent of something sweet, something that she couldn't quite place. As she stepped deeper into the house, the smell intensified, leading her towards a hidden staircase hidden behind a bookcase.\n\n",
  "J_per_token": 2.234621599999999
}