{
  "start_time": "2025-09-16T18:13:03.041490",
  "end_time": "2025-09-16T18:13:11.010370",
  "start_time_100ms": "2025-09-16T18:13:03",
  "end_time_100ms": "2025-09-16T18:13:11",
  "duration_s": 7.96888,
  "avg_total_power_W": 70.62413157894737,
  "energy_total_J": 530.9647499999999,
  "energy_cpu_J": 190.4430500000001,
  "energy_gpu_J": 340.52170000000007,
  "completion_tokens": 250,
  "tokens_per_s": 31.372037224804487,
  "answer": "\n\n**Proof:**\n\nLet's pretend, a square root of 2, \nIs rational, we'll prove it, don't you see?\nIt can be written, as a fraction, so bold,\nWith a denominator, that's whole and untold.\n\nThen, if it's rational, we'll follow its trail,\nMultiply by the denominator, without fail.\nThe product will be a number, we can't deny,\nBut it's an even number, so it must lie. \n\nA contradiction, a truth so grand,\nTherefore, the square root of 2, is irrational, we command.\n\n\n**Explanation:**\n\nThis poem demonstrates the concept of proof in a poetic form. Let's break it down:\n\n* **The Setup:** The poem starts by assuming the opposite, that the square root of 2 is rational. \n* **The Assumption's Weakness:**  It then points out that if it's rational, it can be expressed as a fraction.  The idea is that a rational number can be expressed as a ratio of two integers.\n* **Contradiction:** The poem then assumes the product of the number and",
  "J_per_token": 2.1238589999999995
}