{
  "start_time": "2025-09-16T18:05:17.291951",
  "end_time": "2025-09-16T18:05:24.727304",
  "start_time_100ms": "2025-09-16T18:05:17.300000",
  "end_time_100ms": "2025-09-16T18:05:24.700000",
  "duration_s": 7.435353,
  "avg_total_power_W": 78.16393150684932,
  "energy_total_J": 565.1089999999999,
  "energy_cpu_J": 184.5715000000001,
  "energy_gpu_J": 380.5374999999999,
  "completion_tokens": 250,
  "tokens_per_s": 33.62315144956803,
  "answer": "\n\n**1. Identify the Claims and Assumptions:**\n\n* **What is the main point being made?**  This includes both the explicit and implicit claims.  Are they supported by evidence?\n* **What unstated beliefs or premises are being used to support the claims?** These assumptions often go unstated and may be implicit or even contradictory. \n\n**2. Analyze the Reasoning:**\n\n* **How are the claims related to each other?**  Is there a logical chain of reasoning? Are there flaws in the logic or faulty assumptions?\n* **How reliable are the sources and evidence used?** Consider the source's credibility, biases, and potential for manipulation.  Are there gaps or limitations in the evidence presented?\n\n**3. Evaluate the Structure and Organization:**\n\n* **Is the argument well-organized?** Does it follow a clear structure (e.g., introduction, body paragraphs, conclusion)? \n* **Is the evidence presented effectively?**  Is it relevant to the claims being made?  Is it presented in a clear and concise manner?\n\n**4. Assess the Counterarguments:**\n\n* **What are the potential weaknesses or counterarguments to the argument?**  Have the authors",
  "J_per_token": 2.260436
}