{
  "start_time": "2025-09-16T18:10:11.298507",
  "end_time": "2025-09-16T18:10:15.520026",
  "start_time_100ms": "2025-09-16T18:10:11.300000",
  "end_time_100ms": "2025-09-16T18:10:15.500000",
  "duration_s": 4.221519,
  "avg_total_power_W": 115.21163414634145,
  "energy_total_J": 463.51765,
  "energy_cpu_J": 99.59195000000003,
  "energy_gpu_J": 363.9257000000001,
  "completion_tokens": 250,
  "tokens_per_s": 59.22038962752507,
  "answer": "”. Tony’s answer is a bit long-winded but very profound, and it ties into the second question we’ll ask. He says, “There’s not really a part that I like about being Iron Man. I like the whole thing. I like building these amazing machines that help to defend the world. I like designing the suits and making the weapons and having them all be so accurate and so powerful. I like the responsibility. I like the idea that I can make a difference. I like the idea that I can make people feel safe. I like the idea that I can protect the people that I care about the most”. This answer is very powerful, because it is Tony’s idea of what it means to be Iron Man, and it is also the answer of a true idealist. The idea of protecting people is what drives Tony to become Iron Man, and he wants to make sure that everyone around the world feels safe. Iron Man is a machine, but it is also a person. Iron Man is not only a hero but a father, a husband, a scientist, and a patriot. Iron Man is a complete package, and he embodies the best of humanity. Our second question is “What is",
  "J_per_token": 1.8540706
}