{
  "start_time": "2025-09-16T18:02:52.334039",
  "end_time": "2025-09-16T18:02:59.929061",
  "start_time_100ms": "2025-09-16T18:02:52.300000",
  "end_time_100ms": "2025-09-16T18:02:59.900000",
  "duration_s": 7.595022,
  "avg_total_power_W": 78.32957534246574,
  "energy_total_J": 566.1637000000004,
  "energy_cpu_J": 181.50765,
  "energy_gpu_J": 384.65605000000005,
  "completion_tokens": 250,
  "tokens_per_s": 32.91629701665117,
  "answer": "\n\n[Friend's Name],\n\nHope you're doing well!\n\nRemember that [Event name] at the [Organization name]? I was thinking about you, and I believe you'd be a fantastic guest speaker. \n\nYou have such a [mention specific skill, expertise, or quality].  I know public speaking isn't your forte, but I'm confident you can share your [expertise] with such passion and clarity that it would resonate deeply with the audience.\n\nHere's why I think it's a great opportunity:\n\n* **You get to use your skills and knowledge:**  You're an expert in [topic], and this event is a chance to share that with others.\n* **It's a low-pressure setting:**  It's a smaller event with a dedicated audience, so you won't be overwhelmed by a large crowd.\n* **You'll make a difference:** You can inspire and educate others by sharing your unique perspective. \n\nI know you might be hesitant about speaking in public, but I assure you, you'll be fine. You've got this! \n\nI'm happy to support you in any way I can.",
  "J_per_token": 2.2646548000000015
}