{
  "start_time": "2025-09-16T18:05:51.748724",
  "end_time": "2025-09-16T18:05:59.217069",
  "start_time_100ms": "2025-09-16T18:05:51.700000",
  "end_time_100ms": "2025-09-16T18:05:59.200000",
  "duration_s": 7.468345,
  "avg_total_power_W": 79.216625,
  "energy_total_J": 564.7897999999999,
  "energy_cpu_J": 184.02994999999996,
  "energy_gpu_J": 380.7598499999999,
  "completion_tokens": 250,
  "tokens_per_s": 33.47461853998443,
  "answer": "\n\n## Award-Winning Documentary Film Recommendations for Aspiring Filmmakers:\n\n**1.  \"Hoop Dreams\" (1994)**\n\n* **Background:** This groundbreaking film tells the story of two black high school basketball prospects in Chicago, following their dreams of college basketball scholarships. It explores themes of poverty, social inequality, and the pressures of living in a tough urban environment. It won the Academy Award for Best Documentary Feature in 1995.\n* **Why it's worth studying:**  \"Hoop Dreams\" showcases the power of intimate storytelling, capturing raw emotion and a compelling narrative within a social context. It highlights the importance of access, character development, and using compelling visuals to tell a powerful story.\n\n**2.  \"Man on Wire\" (2008)**\n\n* **Background:** This film chronicles Philippe Petit's audacious tightrope walk between the twin towers of the World Trade Center in 1974. It's a thrilling and visually stunning story about ambition, risk, and human ingenuity. It won the Academy Award for Best Documentary Feature in 2009.\n* **Why it's worth studying:**  \"Man on Wire\" demonstrates",
  "J_per_token": 2.2591591999999996
}