{
  "start_time": "2025-09-16T18:13:49.735127",
  "end_time": "2025-09-16T18:13:57.317461",
  "start_time_100ms": "2025-09-16T18:13:49.700000",
  "end_time_100ms": "2025-09-16T18:13:57.300000",
  "duration_s": 7.582334,
  "avg_total_power_W": 76.95056164383563,
  "energy_total_J": 556.2909999999999,
  "energy_cpu_J": 183.19025,
  "energy_gpu_J": 373.10074999999995,
  "completion_tokens": 250,
  "tokens_per_s": 32.97137794246468,
  "answer": "\n\n**Function Signature:**\n```python\ndef highest_common_ancestor(root, node1, node2):\n    if root is None:\n        return None\n\n    if root == node1 or root == node2:\n        return root\n\n    left_ancestor = highest_common_ancestor(root.left, node1, node2)\n    right_ancestor = highest_highest_common_ancestor(root.right, node1, node2)\n\n    if left_ancestor is not None and right_ancestor is not None:\n        return root\n    \n    return left_ancestor if left_ancestor is not None else right_ancestor\n```\n\n**Explanation:**\n\n1. **Base Case:** If the root is `None` (empty tree), there's no common ancestor, so return `None`.\n2. **Check for Self-Match:** If the root is either `node1` or `node2`, it's the common ancestor, so return `root`.\n3. **Recursive Calls:**  \n   - Recursively call the function on the left subtree (`root.left`).\n   - Recursively call the function on the right subtree (`root.",
  "J_per_token": 2.225164
}