{
  "start_time": "2025-09-16T17:58:35.339781",
  "end_time": "2025-09-16T17:58:41.609742",
  "start_time_100ms": "2025-09-16T17:58:35.300000",
  "end_time_100ms": "2025-09-16T17:58:41.600000",
  "duration_s": 6.269961,
  "avg_total_power_W": 124.09700000000001,
  "energy_total_J": 748.6313500000002,
  "energy_cpu_J": 150.54084999999998,
  "energy_gpu_J": 598.0904999999999,
  "completion_tokens": 250,
  "tokens_per_s": 39.87265630519871,
  "answer": " Also, what is the length of the median from the vertex at (0, 0)?\n\nTo find the area of the triangle with vertices at (0, 0), (-1, 1), and (3, 3), we can use the formula for the area of a triangle given three vertices:\n\n$$\n\\text{Area} = \\frac{1}{2} |x_1(y_2 - y_3) + x_2(y_3 - y_1) + x_3(y_1 - y_2)|\n$$\n\nPlugging in the points (0, 0), (-1, 1), and (3, 3):\n\n$$\n\\text{Area} = \\frac{1}{2} |0(1 - 3) + (-1)(3 - 0) + 3(0 - 1)|\n$$\n$$\n= \\frac{1}{2} |0 + (-3) + (-3)|\n$$\n$$\n= \\frac{1}{2} |-6| = \\frac{1}{2} \\times 6 = 3\n$$\n\nSo, the area of the triangle is 3 square",
  "J_per_token": 2.994525400000001
}