{
  "start_time": "2025-09-16T18:04:31.640955",
  "end_time": "2025-09-16T18:04:39.023508",
  "start_time_100ms": "2025-09-16T18:04:31.600000",
  "end_time_100ms": "2025-09-16T18:04:39",
  "duration_s": 7.382553,
  "avg_total_power_W": 78.69920833333333,
  "energy_total_J": 561.0144500000001,
  "energy_cpu_J": 181.75079999999994,
  "energy_gpu_J": 379.26365000000004,
  "completion_tokens": 250,
  "tokens_per_s": 33.86362414194656,
  "answer": "\n\n**Function Signature:**\n```python\ndef highest_common_ancestor(root, node1, node2):\n    if root is None:\n        return None\n    \n    if root == node1 or root == node2:\n        return root\n    \n    left_ancestor = highest_common_ancestor(root.left, node1, node2)\n    right_ancestor = highest_highest_common_ancestor(root.right, node1, node2)\n    \n    if left_ancestor is not None and right_ancestor is not None:\n        return root\n    \n    return left_ancestor or right_ancestor\n```\n\n**Explanation:**\n\n1. **Base Case:** If the tree is empty (`root is None`), return `None`. \n2. **Leaf Nodes:** If the current node (`root`) is either `node1` or `node2`, it's the highest common ancestor. Return `root`.\n3. **Recursive Exploration:** Recursively search the left and right subtrees:\n   - `left_ancestor = highest_common_ancestor(root.left, node1, node2)`: Find the HCA in the",
  "J_per_token": 2.2440578000000007
}