{
  "start_time": "2025-09-16T18:14:48.000528",
  "end_time": "2025-09-16T18:14:55.510980",
  "start_time_100ms": "2025-09-16T18:14:48",
  "end_time_100ms": "2025-09-16T18:14:55.500000",
  "duration_s": 7.510452,
  "avg_total_power_W": 77.46030555555555,
  "energy_total_J": 552.2229500000002,
  "energy_cpu_J": 181.38729999999998,
  "energy_gpu_J": 370.8356500000001,
  "completion_tokens": 250,
  "tokens_per_s": 33.2869446472729,
  "answer": "\n\nSocrates was a Greek philosopher who lived in Athens between 470 and 399 BCE. He is considered one of the founders of Western philosophy, and his methods are still studied and debated today. \n\nHere are some of the most notable methods Socrates used to challenge prevailing thoughts:\n\n**1. The Socratic Method:**\n\n* **Questioning:** Socrates was renowned for his ability to ask questions that forced people to confront their beliefs and assumptions. He would often probe deeply into seemingly simple ideas, leading to a systematic dismantling of flawed reasoning and logical inconsistencies. \n* **Self-Examination:** He believed that the best way to understand truth is through personal reflection and the pursuit of knowledge. He encouraged others to examine their own beliefs and motives, pushing them to consider the validity of their assumptions.\n* **Emphasis on Definition:**  He would often ask for clear definitions of terms, challenging the ambiguity and vagueness often found in philosophical discussions. This helped expose inconsistencies and contradictions in arguments.\n\n**2. Emphasizing Virtue:**\n\n* **Moral Compass:** Socrates focused on the idea of living a virtuous life, arguing that true wisdom lay in pursuing virtue and living morally. He believed that morality was the ultimate measure",
  "J_per_token": 2.208891800000001
}