{
  "start_time": "2025-09-16T18:12:58.004053",
  "end_time": "2025-09-16T18:12:58.994913",
  "start_time_100ms": "2025-09-16T18:12:58",
  "end_time_100ms": "2025-09-16T18:12:59",
  "duration_s": 0.99086,
  "avg_total_power_W": 61.54161538461539,
  "energy_total_J": 73.1843,
  "energy_cpu_J": 29.988850000000003,
  "energy_gpu_J": 43.19545000000001,
  "completion_tokens": 30,
  "tokens_per_s": 30.276729305855522,
  "answer": "  \n\n*Please note: I will respond as a hypothetical person, and will not be directly quoting Tony Stark from the films. \n\n \n",
  "J_per_token": 2.4394766666666663
}