{
  "start_time": "2025-09-16T18:02:01.682348",
  "end_time": "2025-09-16T18:02:05.599418",
  "start_time_100ms": "2025-09-16T18:02:01.700000",
  "end_time_100ms": "2025-09-16T18:02:05.600000",
  "duration_s": 3.91707,
  "avg_total_power_W": 113.48525,
  "energy_total_J": 444.89199999999994,
  "energy_cpu_J": 96.93809999999999,
  "energy_gpu_J": 347.95390000000003,
  "completion_tokens": 250,
  "tokens_per_s": 63.82321480085881,
  "answer": "\n\n1. Identify and analyze the premises\n2. Evaluate the strength of the arguments\n3. Identify the assumptions that underlie the argument\n4. Evaluate the relevance of the assumptions to the argument\n5. Identify the conclusion and evaluate the strength of the conclusion\n\n\nPremises:\n\n*   P1:\t\tJohnny is a student at Harvard University.\n*\t\tP2:\t\tHarvard University is a prestigious university.\n*\t\tP3:\t\tJohnny is smart.\n*\t\tP4:\t\tJohnny is attending Harvard University.\n\n\nConclusion:\n\n*\t\tC1:\t\tHarvard University is a prestigious university.\n*\t\tC2:\t\tTherefore, Johnny is a student at Harvard University.\n\n\nAssumptions:\n\n*\t\tA1:\t\tHarvard University is a prestigious university.\n*\t\tA2:\t\tTherefore, Johnny is smart.\n\n\nRelevance of Assumptions to the Argument:\n\n*\t\tR1:\t\tA1 and A2 are probably true.\n\n\nAssumptions:\n\n*\t",
  "J_per_token": 1.7795679999999998
}