{
  "start_time": "2025-09-16T18:04:43.008595",
  "end_time": "2025-09-16T18:04:50.462773",
  "start_time_100ms": "2025-09-16T18:04:43",
  "end_time_100ms": "2025-09-16T18:04:50.500000",
  "duration_s": 7.454178,
  "avg_total_power_W": 77.97549315068494,
  "energy_total_J": 563.60305,
  "energy_cpu_J": 181.96080000000003,
  "energy_gpu_J": 381.64225,
  "completion_tokens": 250,
  "tokens_per_s": 33.53823855561271,
  "answer": "\n\n**Function Signature:**\n```python\ndef majority_element(arr):\n    \"\"\"\n    Finds the majority element in an integer array using the Boyer-Moore Voting Algorithm.\n\n    Args:\n        arr: The input integer array.\n\n    Returns:\n        The majority element, or None if no majority element exists.\n    \"\"\"\n    n = len(arr)\n    if n == 0:\n        return None\n\n    # Initialize the candidate element to 0\n    candidate = 0\n    # Initialize the vote count to 0\n    vote_count = 0\n\n    # Iterate through the array\n    for i in range(n):\n        # Increment the vote count if the current element is equal to the candidate\n        if arr[i] == candidate:\n            vote_count += 1\n\n        # Update the candidate if the vote count exceeds the number of elements\n        if vote_count > n // 2:\n            return candidate\n\n    return None\n```\n\n**Explanation:**\n\n1. **Initialization:**\n   - `n`: Stores the length of the input array.\n   - `candidate`: Starts with 0, representing the",
  "J_per_token": 2.2544122000000004
}