{
  "start_time": "2025-09-16T18:06:44.648162",
  "end_time": "2025-09-16T18:06:51.433375",
  "start_time_100ms": "2025-09-16T18:06:44.600000",
  "end_time_100ms": "2025-09-16T18:06:51.400000",
  "duration_s": 6.785213,
  "avg_total_power_W": 120.5395909090909,
  "energy_total_J": 787.0919,
  "energy_cpu_J": 164.08784999999997,
  "energy_gpu_J": 623.0040499999999,
  "completion_tokens": 250,
  "tokens_per_s": 36.844827126281814,
  "answer": " Additionally, \"bio-energy\" is the focus, not biofuels. Also, \"bio-energy\" is the focus, not biofuels.\n\nOkay, so the user wants a headline for an article on the latest discovery in renewable bio-energy, but they also want to address the ethical dilemmas. Let me start by making sure I understand the key points: the focus is on bio-energy, not biofuels, and the headline needs to be catchy but scientifically accurate. Also, they need four options.\n\nFirst, I need to clarify what bio-energy is. Bio-energy is a broader term that includes various forms of energy derived from organic materials, like biomass, but not necessarily just biofuels. So, the headline should reflect that. Now, the challenge is to incorporate both the scientific aspect and the ethical considerations without making it too long or complicated.\n\nLet me brainstorm some keywords: \"latest discovery,\" \"renewable bio-energy,\" \"ethical dilemmas,\" \"innovation,\" \"sustainability,\" \"ethical challenges,\" \"future of energy,\" \"sustainable energy.\"\n\nNow, for catchiness, maybe use words like \"breakthrough,\" \"revolution,\" \"new era,\" \"innovative solution,\" \"game-changer.\"\n\nBut",
  "J_per_token": 3.1483676
}