{
  "start_time": "2025-09-16T18:01:38.455147",
  "end_time": "2025-09-16T18:01:42.277291",
  "start_time_100ms": "2025-09-16T18:01:38.500000",
  "end_time_100ms": "2025-09-16T18:01:42.300000",
  "duration_s": 3.822144,
  "avg_total_power_W": 116.14542105263158,
  "energy_total_J": 432.76695000000007,
  "energy_cpu_J": 92.30539999999999,
  "energy_gpu_J": 340.46155,
  "completion_tokens": 250,
  "tokens_per_s": 65.40831533296495,
  "answer": "\nThe Boyer-Moore algorithm is a dynamic programming algorithm that finds the majority element in an array.\nThe Boyer-Moore algorithm is a recursive algorithm that runs in O(n) time and O(n) space.\nThe Boyer-Moore algorithm is a simple and elegant solution to the problem of finding the majority element in an array.\nThe Boyer-Moore algorithm is also called the \"favorite element\" algorithm because of its ability to find the element that is most frequently requested by the user.\nThe Boyer-Moore algorithm uses the following recursive definition:\nGiven an integer array A = [a0, a1, a2, ... an]\nwhere each element ai is in {0, 1, ... n-1}, the Boyer-Moore algorithm finds the element ai that is most frequently requested by the user.\nThe Boyer-Moore algorithm runs in O(n) time and O(n) space.\nThe Boyer-Moore algorithm works by maintaining a stack of elements requested by the user.\nWhen the user requests element ai, the algorithm pops the top element off of the stack, compares it to element ai, and",
  "J_per_token": 1.7310678000000002
}