{
  "start_time": "2025-09-16T18:00:12.672812",
  "end_time": "2025-09-16T18:00:16.498061",
  "start_time_100ms": "2025-09-16T18:00:12.700000",
  "end_time_100ms": "2025-09-16T18:00:16.500000",
  "duration_s": 3.825249,
  "avg_total_power_W": 120.0688947368421,
  "energy_total_J": 446.8153,
  "energy_cpu_J": 93.03674999999998,
  "energy_gpu_J": 353.77855000000005,
  "completion_tokens": 250,
  "tokens_per_s": 65.35522262733747,
  "answer": "\n\nHawaii is a stunning place with plenty of things to see and do. The island is famous for its beaches and volcanoes, and there’s plenty of history to learn about as well. My family recently went on a trip to Hawaii and we had a blast! Here’s what we did and where we went:\n\nWe flew to Honolulu from San Francisco on Delta. Honolulu airport is a quick ride on the bus to the city center. Our hotel, the Sheraton Waikiki, was great! The rooms are spacious and the beach is across the street. We went to the beach every day. We also saw a whale shark, which is an amazing experience.\n\nWe went to Diamond Head crater and saw the volcano and crater. It was a cloudy day so we couldn’t see the views, but we could still feel the electricity in the air. Diamond Head crater is an easy hike, and you can see the crater from the top.\n\nWe went to the Polynesian Cultural Center. My son is an art teacher, so this was a great place to take him to see the art and the culture. We also saw a performance of a traditional Polynesian",
  "J_per_token": 1.7872611999999999
}