{
  "start_time": "2025-09-16T18:09:47.351985",
  "end_time": "2025-09-16T18:09:51.525353",
  "start_time_100ms": "2025-09-16T18:09:47.400000",
  "end_time_100ms": "2025-09-16T18:09:51.500000",
  "duration_s": 4.173368,
  "avg_total_power_W": 115.55992682926828,
  "energy_total_J": 464.7818999999999,
  "energy_cpu_J": 98.46969999999997,
  "energy_gpu_J": 366.31219999999996,
  "completion_tokens": 250,
  "tokens_per_s": 59.90365575238033,
  "answer": "\n\nThe old abandoned house at the end of the street held a secret that no one had ever discovered. A young man moved into the house and set about renovating the place, turning the rooms into a home. He even hired a local carpenter to build a small wood-burning stove in the living room. The carpenter had worked with the man before, so they had a good idea of where to go for lumber and other building supplies.\n\nThe young man spent many hours in the house, working on his project. He loved the old house, and he was determined to make it into a home. One day, while he was working in the living room, he heard the sound of shattering glass. He looked out a window and saw that the front door of the house had been broken down, and a large crowd was gathered around the house.\n\nThe young man was confused. He knew the house was old, and the glass in the front door was old too. He wasn't sure what had caused the break-in, but he quickly realized that it didn't matter. The police were there, and they were destroying the house.\n\nThe young man was shocked. The house was his dream,",
  "J_per_token": 1.8591275999999997
}