{
  "start_time": "2025-09-16T18:10:03.359608",
  "end_time": "2025-09-16T18:10:07.578327",
  "start_time_100ms": "2025-09-16T18:10:03.400000",
  "end_time_100ms": "2025-09-16T18:10:07.600000",
  "duration_s": 4.218719,
  "avg_total_power_W": 116.10495238095238,
  "energy_total_J": 478.5854000000001,
  "energy_cpu_J": 99.97725000000003,
  "energy_gpu_J": 378.60814999999997,
  "completion_tokens": 250,
  "tokens_per_s": 59.25969470827519,
  "answer": ". The short answer is \"unlabelled data\". A language model (or language model (ML) for short) is a statistical model that can be used to generate text based on a set of training data. The model is trained using labelled data, which is a subset of the original training data that consists of the words or characters that are used in the generated text. This generated text is called a word embedding and can be used to answer many question like \"who is the topic of this generated text\", \"what is the sentiment of this generated text\", \"what is the topic of the linked article\". In summary, a language model can be used to generate text based on a set of training data and can be used to answer many questions that are related to the generated text.\n\nHow does a language model work? A language model (ML) is a statistical model that is trained on a set of labeled data.  The model is able to generate text based on a small set of words or characters in the test data.  The model's ability to generate text based on a small set of words or characters is called word or character level modeling.  Word or character level modeling is achieved by finding the probability of each word or character occurring",
  "J_per_token": 1.9143416000000004
}