{
  "start_time": "2025-09-16T18:07:27.546498",
  "end_time": "2025-09-16T18:07:34.293998",
  "start_time_100ms": "2025-09-16T18:07:27.500000",
  "end_time_100ms": "2025-09-16T18:07:34.300000",
  "duration_s": 6.7475,
  "avg_total_power_W": 121.94055384615385,
  "energy_total_J": 784.1297499999998,
  "energy_cpu_J": 164.19895000000005,
  "energy_gpu_J": 619.9308,
  "completion_tokens": 250,
  "tokens_per_s": 37.05075954057058,
  "answer": " What are your thoughts and feelings? What do you say? What do you think about your life? What do you say to the people who are about to cut you down? What do you say to the people who are watching? What do you say to the future? What do you say to the people who want to destroy you? What do you say to the people who want to save you? What do you say to the people who have not yet been born? What do you say to the people who have not yet been born? What do you say to the people who have not yet been born? (Repeat the last line three times) \n\nOkay, so the user wants me to imagine being a 100-year-old tree in a forest and respond to the deforesters. They want a detailed emotional and philosophical reflection from the tree's perspective. The response needs to include feelings, thoughts, and messages to various groups: the deforesters, the onlookers, the future, and the unborn. The last line about the unborn should be repeated three times.\n\nFirst, I need to personify the tree. A 100-year-old tree would have a deep connection to the forest, a history of witnessing changes",
  "J_per_token": 3.1365189999999994
}