{
  "start_time": "2025-09-16T18:00:59.160805",
  "end_time": "2025-09-16T18:01:03.085554",
  "start_time_100ms": "2025-09-16T18:00:59.200000",
  "end_time_100ms": "2025-09-16T18:01:03.100000",
  "duration_s": 3.924749,
  "avg_total_power_W": 116.43676923076922,
  "energy_total_J": 445.1254499999999,
  "energy_cpu_J": 100.54635000000002,
  "energy_gpu_J": 344.5791,
  "completion_tokens": 250,
  "tokens_per_s": 63.698340963969926,
  "answer": "\n\n\nProof:\n\nThe square root of 2 is the length of the side of a square with a side of equal to 2. Therefore the square root of 2 is the side of a square with side of 4.\n\nThe square root of 2 is the side of a square with side of 4.\n\nThe square root of 2 is the product of 4 and itself.\n\nThe square root of 2 is the square of 4 which is 16.\n\nThe square root of 2 is 16 which is irrational.\n\n\nIf you are writing a proof as a mathematician you would write it in the following way.\n\n\nProve that the square root of 2 is irrational number.\n\nThe square root of 2 is the length of the side of a square with a side of equal to 2.\n\n\nThe square root of 2 is the side of a square with side of 4.\n\nThe square root of 2 is the side of a square with side of 4.\n\nThe square root of 2 is the product of 4 and itself.\n\nThe square root of 2 is the square of 4 which is 16.\n\nThe square root of 2 is 16 which is irrational.\n\n\nWhat have",
  "J_per_token": 1.7805017999999995
}