{
  "start_time": "2025-09-16T18:04:19.989121",
  "end_time": "2025-09-16T18:04:27.430991",
  "start_time_100ms": "2025-09-16T18:04:20",
  "end_time_100ms": "2025-09-16T18:04:27.400000",
  "duration_s": 7.44187,
  "avg_total_power_W": 78.80879166666666,
  "energy_total_J": 561.793,
  "energy_cpu_J": 180.24799999999996,
  "energy_gpu_J": 381.54499999999985,
  "completion_tokens": 250,
  "tokens_per_s": 33.59370695806296,
  "answer": "\n\nHere's how to find the area of the triangle:\n\n**1. Visualize the Triangle**\n\nPlot the points on a coordinate plane. This will help you understand the base and height of the triangle.\n\n**2. Choose a Base**\n\nAny side of the triangle can be the base. Let's choose the line segment connecting (0, 0) and (3, 3) as our base.\n\n**3. Calculate the Base Length**\n\nUse the distance formula:\n√[(3 - 0)^2 + (3 - 0)^2] = √(9 + 9) = √18 = 3√2\n\n**4. Find the Height**\n\nThe height is the perpendicular distance from the third vertex (-1, 1) to the base.  Here's how to find it:\n\n* **Find the equation of the base:** The slope of the base is (3-0)/(3-0) = 1. Using point-slope form, the equation of the base is y = x.\n* **Find the equation of the perpendicular line:** The slope of a perpendicular line is the negative reciprocal of the base's slope, which",
  "J_per_token": 2.247172
}