{
  "start_time": "2025-09-16T18:06:23.262544",
  "end_time": "2025-09-16T18:06:30.039245",
  "start_time_100ms": "2025-09-16T18:06:23.300000",
  "end_time_100ms": "2025-09-16T18:06:30",
  "duration_s": 6.776701,
  "avg_total_power_W": 120.79244615384616,
  "energy_total_J": 776.54855,
  "energy_cpu_J": 160.83059999999995,
  "energy_gpu_J": 615.7179500000001,
  "completion_tokens": 250,
  "tokens_per_s": 36.89110674943457,
  "answer": " Subject: Join Us for a Special Opportunity – Guest Speaker Role!\n\nHi [Friend's Name],\n\nI know you're introverted and dislike public speaking, but I really think you'd make a great guest speaker for our upcoming [Event Name]. Your insights and experiences would add a unique and valuable perspective to the audience.\n\nYou might worry about the pressure of speaking in front of people, but the event is small and intimate, and I’m sure you’ll feel more comfortable than you think. Plus, it’s a chance to share your passion and connect with others who might resonate with your story.\n\nI’m more than happy to help you prepare and practice, and I’m sure you’ll find it rewarding. It’s a great way to contribute to the community and have a meaningful experience.\n\nLet me know if you’re interested or have any questions. I’m here to support you every step of the way.\n\nBest,\n[Your Name] \n\nHi [Friend's Name],\n\nI know you're introverted and dislike public speaking, but I really think you'd make a great guest speaker for our upcoming [Event Name]. Your insights and experiences would add a unique and valuable perspective to the audience.\n\nYou might worry about the pressure of speaking in front of people,",
  "J_per_token": 3.1061942
}