{
  "start_time": "2025-09-16T18:07:16.874189",
  "end_time": "2025-09-16T18:07:23.627632",
  "start_time_100ms": "2025-09-16T18:07:16.900000",
  "end_time_100ms": "2025-09-16T18:07:23.600000",
  "duration_s": 6.753443,
  "avg_total_power_W": 120.2250303030303,
  "energy_total_J": 784.8448000000001,
  "energy_cpu_J": 161.55360000000002,
  "energy_gpu_J": 623.2912000000001,
  "completion_tokens": 250,
  "tokens_per_s": 37.018155035883176,
  "answer": " (The proof is famous and known, so you have to be creative in the rhyme and the structure.)\n\nOkay, so I need to prove that the square root of 2 is irrational using a poetic structure with less than 10 lines and a rhyme. Let me start by recalling the classic proof by contradiction. The standard proof assumes that √2 is rational, so it can be written as a fraction a/b where a and b are integers with no common factors. Then, squaring both sides gives 2 = a²/b², leading to a² = 2b². This implies that a² is even, so a must be even. Then, a = 2k for some integer k, leading to (2k)² = 4k² = 2b², so 2k² = b². Hence, b² is even, so b is even. But this contradicts the assumption that a and b have no common factors, so √2 must be irrational.\n\nNow, I need to translate this into a poem. Let me think about the key points: assuming √2 is rational, expressing as a fraction, leading to a contradiction through evenness, and the conclusion",
  "J_per_token": 3.1393792000000005
}