{
  "start_time": "2025-09-16T17:57:44.535217",
  "end_time": "2025-09-16T17:57:50.898758",
  "start_time_100ms": "2025-09-16T17:57:44.500000",
  "end_time_100ms": "2025-09-16T17:57:50.900000",
  "duration_s": 6.363541,
  "avg_total_power_W": 123.45374193548386,
  "energy_total_J": 756.8986500000001,
  "energy_cpu_J": 155.81614999999994,
  "energy_gpu_J": 601.0825000000003,
  "completion_tokens": 250,
  "tokens_per_s": 39.286303019026676,
  "answer": " \n\nLet me think. First, I need to define a language model. A language model is a type of artificial intelligence that understands and generates human language. It's like a chatbot that can answer questions, write stories, or even translate text. But how does it learn to do this? \n\nNow, the second part of the question is about labeled versus unlabeled data. I remember that in machine learning, data can be labeled or unlabeled. Labeled data has the correct answer, while unlabeled data doesn't. For example, labeled data might be a photo with a tag like \"dog,\" while unlabeled data is just a photo without any tags. \n\nBut wait, how does this apply to language models? I think the key here is that language models are trained on a lot of text data. They don't need labeled data because they're not trying to answer specific questions. Instead, they're learning the patterns and structures in language. So, they use a lot of unlabeled data—just text. \n\nBut I should check if there's any labeled data involved. Maybe in some cases, they use some labeled data for specific tasks, but the main training is on unlabeled text. For example, when you ask a",
  "J_per_token": 3.0275946000000005
}