{
  "start_time": "2025-09-16T18:09:55.356555",
  "end_time": "2025-09-16T18:09:59.528970",
  "start_time_100ms": "2025-09-16T18:09:55.400000",
  "end_time_100ms": "2025-09-16T18:09:59.500000",
  "duration_s": 4.172415,
  "avg_total_power_W": 115.22147619047618,
  "energy_total_J": 475.12565,
  "energy_cpu_J": 101.24889999999998,
  "energy_gpu_J": 373.8767500000002,
  "completion_tokens": 250,
  "tokens_per_s": 59.91733804043941,
  "answer": " 1. Bio-energy: The Next Superpower 2. Bio-energy: The Next Superpower with a Human Face 3. Bio-energy: The Next Superpower: A Human Face 4. Bio-energy: The Next Superpower, A Human Face with Ethical Dilemmas\n\nThe first option is the most honest and straightforward. It accurately summarizes the discovery. However, it is not very catchy. 2. Bio-energy: The Next Superpower is a little more catchy, but it is not very accurate. 3. Bio-energy: The Next Superpower: A Human Face is a little more catchy, but it is not very accurate. 4. Bio-energy: The Next Superpower, A Human Face with Ethical Dilemmas is the winner! It accurately summarizes the discovery, but also manages to make the ethical concerns surrounding bio-energy sources, such as GMOs and the destruction of rainforests, very clear.\n\n\nBio-energy: The Next Superpower: A Human Face with Ethical Dilemmas\n\n\nI believe this is an excellent headline for a recent discovery in renewable bio-energy, which can help to power our world for the future. Bio-energy: The Next",
  "J_per_token": 1.9005026
}