{
  "start_time": "2025-09-16T18:11:11.399045",
  "end_time": "2025-09-16T18:11:15.503312",
  "start_time_100ms": "2025-09-16T18:11:11.400000",
  "end_time_100ms": "2025-09-16T18:11:15.500000",
  "duration_s": 4.104267,
  "avg_total_power_W": 117.10843902439024,
  "energy_total_J": 471.32770000000005,
  "energy_cpu_J": 100.9954,
  "energy_gpu_J": 370.33230000000003,
  "completion_tokens": 250,
  "tokens_per_s": 60.912216481042776,
  "answer": "\n\nWhat is the base rate fallacy?\n\nThe base rate fallacy is a cognitive error in which an individual estimates the proportion of events that belong to a category based on the proportion of events in that category as a whole. For example, if a person estimates that 25% of all airplane crashes are due to pilot error, the person is using the base rate fallacy.\n\nThe base rate fallacy occurs when individuals base their estimates of a proportion on their estimates of another proportion. The first proportion is the denominator. The second proportion is the proportion being estimated. The second proportion is the category.\n\nBase rate fallacy examples\n\nMany politicians use the base rate fallacy when campaigning. For example, a politician who claims that a particular policy will reduce crime rates by 25% based on the overall crime rate in the country. Or a politician who claims that a particular policy will benefit a particular group of people (e.g. young people) based on the number of people in that group who have used a particular product or service (e.g. using e-mail).\n\nFive specific examples of how politicians use the base rate fallacy:\n\n1. Base rate fallacy: In the 1930",
  "J_per_token": 1.8853108000000003
}